user_id,place_id,Place,rating
1,1,Three Pools Beach,5
1,2,Blue Lagoon Beach,5
1,3,Blue Hole Beach,5
1,4,Colored Canyon,4
1,5,Abu Gallum,4
1,6,Eel Garden,5
1,7,LightHouse Beach,4
1,8,Gabr El Bent,5
1,9,Kite Lagoon,5
1,10,Blue Lagoon Beach,5
1,11,Happy Kite School,4
1,12,Dahab Stars,4
1,13,Soul-Kiters,4
1,14,Harry Nass Dahab Windsurf,4
1,15,Winderland and Windsurf Center,4
1,16,Fanatic The Boarders Center Dahab,4
1,17,King Safari Dahab,3
1,18,Palma Bedouin  Safari,3
1,19,Desert Fox Safari,3
1,20,Dahab Safari Day Tours,3
1,21,Colored Canyon,2
1,22,White Canyon,1
1,23,St. Catherine Monastery,3
1,24,Abu Gallum ,3
1,25,Wadi al-Weshwashy,3
1,26,Abu Gallum ,3
1,27,El rayga camp,2
1,28,Lagoona,3
1,29,Athanor-caf? -pizzeria,5
2,1,Three Pools Beach,4
2,2,Blue Lagoon Beach,4
2,3,Blue Hole Beach,4
2,4,Colored Canyon,5
2,5,Abu Gallum,5
2,6,Eel Garden,4
2,7,LightHouse Beach,4
2,8,Gabr El Bent,4
2,9,Kite Lagoon,5
2,10,Blue Lagoon Beach,5
2,11,Happy Kite School,5
2,12,Dahab Stars,5
2,13,Soul-Kiters,4
2,14,Harry Nass Dahab Windsurf,4
2,15,Winderland and Windsurf Center,5
2,16,Fanatic The Boarders Center Dahab,5
2,17,King Safari Dahab,3
2,18,Palma Bedouin  Safari,3
2,19,Desert Fox Safari,2
2,20,Dahab Safari Day Tours,1
2,21,Colored Canyon,3
2,22,White Canyon,3
2,23,St. Catherine Monastery,3
2,24,Abu Gallum ,3
2,25,Wadi al-Weshwashy,2
2,26,Abu Gallum ,2
2,27,El rayga camp,3
2,28,Lagoona,3
2,30,Caf? Paris Dahab,4
3,1,Three Pools Beach,4
3,2,Blue Lagoon Beach,4
3,3,Blue Hole Beach,4
3,4,Colored Canyon,4
3,5,Abu Gallum,5
3,6,Eel Garden,5
3,7,LightHouse Beach,4
3,8,Gabr El Bent,4
3,9,Kite Lagoon,4
3,10,Blue Lagoon Beach,4
3,11,Happy Kite School,4
3,12,Dahab Stars,5
3,13,Soul-Kiters,4
3,14,Harry Nass Dahab Windsurf,4
3,15,Winderland and Windsurf Center,4
3,16,Fanatic The Boarders Center Dahab,5
3,17,King Safari Dahab,3
3,18,Palma Bedouin  Safari,2
3,19,Desert Fox Safari,2
3,20,Dahab Safari Day Tours,3
3,21,Colored Canyon,3
3,22,White Canyon,3
3,23,St. Catherine Monastery,3
3,24,Abu Gallum ,3
3,25,Wadi al-Weshwashy,2
3,26,Abu Gallum ,3
3,27,El rayga camp,3
3,28,Lagoona,3
3,31,Namaste Indian Cuisine,5
4,1,Three Pools Beach,5
4,2,Blue Lagoon Beach,5
4,3,Blue Hole Beach,5
4,4,Colored Canyon,5
4,5,Abu Gallum,5
4,6,Eel Garden,4
4,7,LightHouse Beach,5
4,8,Gabr El Bent,5
4,9,Kite Lagoon,4
4,10,Blue Lagoon Beach,5
4,11,Happy Kite School,5
4,12,Dahab Stars,4
4,13,Soul-Kiters,5
4,14,Harry Nass Dahab Windsurf,5
4,15,Winderland and Windsurf Center,5
4,16,Fanatic The Boarders Center Dahab,5
4,17,King Safari Dahab,5
4,18,Palma Bedouin  Safari,3
4,19,Desert Fox Safari,3
4,20,Dahab Safari Day Tours,3
4,21,Colored Canyon,3
4,22,White Canyon,2
4,23,St. Catherine Monastery,2
4,24,Abu Gallum ,3
4,25,Wadi al-Weshwashy,3
4,26,Abu Gallum ,3
4,27,El rayga camp,3
4,28,Lagoona,2
4,32,Si Omar Restaurant,4
5,1,Three Pools Beach,5
5,2,Blue Lagoon Beach,5
5,3,Blue Hole Beach,5
5,4,Colored Canyon,5
5,5,Abu Gallum,5
5,6,Eel Garden,4
5,7,LightHouse Beach,4
5,8,Gabr El Bent,5
5,9,Kite Lagoon,4
5,10,Blue Lagoon Beach,4
5,11,Happy Kite School,4
5,12,Dahab Stars,5
5,13,Soul-Kiters,5
5,14,Harry Nass Dahab Windsurf,4
5,15,Winderland and Windsurf Center,4
5,16,Fanatic The Boarders Center Dahab,4
5,17,King Safari Dahab,3
5,18,Palma Bedouin  Safari,3
5,19,Desert Fox Safari,3
5,20,Dahab Safari Day Tours,2
5,21,Colored Canyon,2
5,22,White Canyon,3
5,23,St. Catherine Monastery,3
5,24,Abu Gallum ,3
5,25,Wadi al-Weshwashy,2
5,26,Abu Gallum ,2
5,27,El rayga camp,2
5,28,Lagoona,3
5,33,Tea Garden Caf?,3
6,1,Three Pools Beach,5
6,2,Blue Lagoon Beach,5
6,3,Blue Hole Beach,5
6,4,Colored Canyon,5
6,5,Abu Gallum,4
6,6,Eel Garden,4
6,7,LightHouse Beach,5
6,8,Gabr El Bent,5
6,9,Kite Lagoon,5
6,10,Blue Lagoon Beach,5
6,11,Happy Kite School,4
6,12,Dahab Stars,4
6,13,Soul-Kiters,4
6,14,Harry Nass Dahab Windsurf,4
6,15,Winderland and Windsurf Center,3
6,16,Fanatic The Boarders Center Dahab,4
6,17,King Safari Dahab,2
6,18,Palma Bedouin  Safari,2
6,19,Desert Fox Safari,2
6,20,Dahab Safari Day Tours,1
6,21,Colored Canyon,2
6,22,White Canyon,2
6,23,St. Catherine Monastery,2
6,24,Abu Gallum ,1
6,25,Wadi al-Weshwashy,2
6,26,Abu Gallum ,3
6,27,El rayga camp,3
6,28,Lagoona,3
6,34,The Kitchen Restaurant,4
7,1,Three Pools Beach,5
7,2,Blue Lagoon Beach,5
7,3,Blue Hole Beach,5
7,4,Colored Canyon,5
7,5,Abu Gallum,5
7,6,Eel Garden,4
7,7,LightHouse Beach,4
7,8,Gabr El Bent,4
7,9,Kite Lagoon,5
7,10,Blue Lagoon Beach,5
7,11,Happy Kite School,4
7,12,Dahab Stars,4
7,13,Soul-Kiters,4
7,14,Harry Nass Dahab Windsurf,4
7,15,Winderland and Windsurf Center,3
7,16,Fanatic The Boarders Center Dahab,4
7,17,King Safari Dahab,2
7,18,Palma Bedouin  Safari,2
7,19,Desert Fox Safari,2
7,20,Dahab Safari Day Tours,2
7,21,Colored Canyon,2
7,22,White Canyon,2
7,23,St. Catherine Monastery,1
7,24,Abu Gallum ,2
7,25,Wadi al-Weshwashy,2
7,26,Abu Gallum ,2
7,27,El rayga camp,1
7,28,Lagoona,2
7,35,Laziz Burger,5
8,1,Three Pools Beach,4
8,2,Blue Lagoon Beach,4
8,3,Blue Hole Beach,4
8,4,Colored Canyon,4
8,5,Abu Gallum,4
8,6,Eel Garden,5
8,7,LightHouse Beach,5
8,8,Gabr El Bent,4
8,9,Kite Lagoon,4
8,10,Blue Lagoon Beach,4
8,11,Happy Kite School,5
8,12,Dahab Stars,5
8,13,Soul-Kiters,5
8,14,Harry Nass Dahab Windsurf,5
8,15,Winderland and Windsurf Center,5
8,16,Fanatic The Boarders Center Dahab,5
8,17,King Safari Dahab,3
8,18,Palma Bedouin  Safari,3
8,19,Desert Fox Safari,3
8,20,Dahab Safari Day Tours,3
8,21,Colored Canyon,3
8,22,White Canyon,3
8,23,St. Catherine Monastery,2
8,24,Abu Gallum ,2
8,25,Wadi al-Weshwashy,2
8,26,Abu Gallum ,2
8,27,El rayga camp,2
8,28,Lagoona,2
8,36,Kung Fu Pasta,4
9,1,Three Pools Beach,4
9,2,Blue Lagoon Beach,4
9,3,Blue Hole Beach,4
9,4,Colored Canyon,4
9,5,Abu Gallum,5
9,6,Eel Garden,5
9,7,LightHouse Beach,4
9,8,Gabr El Bent,4
9,9,Kite Lagoon,5
9,10,Blue Lagoon Beach,5
9,11,Happy Kite School,5
9,12,Dahab Stars,5
9,13,Soul-Kiters,5
9,14,Harry Nass Dahab Windsurf,4
9,15,Winderland and Windsurf Center,4
9,16,Fanatic The Boarders Center Dahab,5
9,17,King Safari Dahab,2
9,18,Palma Bedouin  Safari,2
9,19,Desert Fox Safari,2
9,20,Dahab Safari Day Tours,2
9,21,Colored Canyon,3
9,22,White Canyon,3
9,23,St. Catherine Monastery,2
9,24,Abu Gallum ,2
9,25,Wadi al-Weshwashy,2
9,26,Abu Gallum ,3
9,27,El rayga camp,3
9,28,Lagoona,3
9,37,Karkor Restaurant,4
10,1,Three Pools Beach,4
10,2,Blue Lagoon Beach,4
10,3,Blue Hole Beach,4
10,4,Colored Canyon,4
10,5,Abu Gallum,4
10,6,Eel Garden,4
10,7,LightHouse Beach,5
10,8,Gabr El Bent,5
10,9,Kite Lagoon,4
10,10,Blue Lagoon Beach,4
10,11,Happy Kite School,5
10,12,Dahab Stars,5
10,13,Soul-Kiters,5
10,14,Harry Nass Dahab Windsurf,5
10,15,Winderland and Windsurf Center,5
10,16,Fanatic The Boarders Center Dahab,4
10,17,King Safari Dahab,2
10,18,Palma Bedouin  Safari,2
10,19,Desert Fox Safari,2
10,20,Dahab Safari Day Tours,2
10,21,Colored Canyon,3
10,22,White Canyon,2
10,23,St. Catherine Monastery,2
10,24,Abu Gallum ,2
10,25,Wadi al-Weshwashy,3
10,26,Abu Gallum ,2
10,27,El rayga camp,2
10,28,Lagoona,2
10,38,Shams Restaurant,4
11,1,Three Pools Beach,4
11,2,Blue Lagoon Beach,4
11,3,Blue Hole Beach,4
11,4,Colored Canyon,4
11,5,Abu Gallum,4
11,6,Eel Garden,3
11,7,LightHouse Beach,3
11,8,Gabr El Bent,4
11,9,Kite Lagoon,4
11,10,Blue Lagoon Beach,4
11,11,Happy Kite School,4
11,12,Dahab Stars,4
11,13,Soul-Kiters,5
11,14,Harry Nass Dahab Windsurf,5
11,15,Winderland and Windsurf Center,4
11,16,Fanatic The Boarders Center Dahab,4
11,17,King Safari Dahab,3
11,18,Palma Bedouin  Safari,3
11,19,Desert Fox Safari,3
11,20,Dahab Safari Day Tours,3
11,21,Colored Canyon,3
11,22,White Canyon,3
11,23,St. Catherine Monastery,2
11,24,Abu Gallum ,2
11,25,Wadi al-Weshwashy,3
11,26,Abu Gallum ,2
11,27,El rayga camp,2
11,28,Lagoona,3
11,39,Eel Garden View Restaurant,5
12,1,Three Pools Beach,4
12,2,Blue Lagoon Beach,4
12,3,Blue Hole Beach,4
12,4,Colored Canyon,4
12,5,Abu Gallum,4
12,6,Eel Garden,3
12,7,LightHouse Beach,3
12,8,Gabr El Bent,4
12,9,Kite Lagoon,4
12,10,Blue Lagoon Beach,4
12,11,Happy Kite School,4
12,12,Dahab Stars,3
12,13,Soul-Kiters,3
12,14,Harry Nass Dahab Windsurf,4
12,15,Winderland and Windsurf Center,4
12,16,Fanatic The Boarders Center Dahab,4
12,17,King Safari Dahab,2
12,18,Palma Bedouin  Safari,2
12,19,Desert Fox Safari,2
12,20,Dahab Safari Day Tours,1
12,21,Colored Canyon,1
12,22,White Canyon,2
12,23,St. Catherine Monastery,2
12,24,Abu Gallum ,2
12,25,Wadi al-Weshwashy,2
12,26,Abu Gallum ,3
12,27,El rayga camp,3
12,28,Lagoona,2
12,40,Meya meya,3
13,1,Three Pools Beach,4
13,2,Blue Lagoon Beach,4
13,3,Blue Hole Beach,4
13,4,Colored Canyon,4
13,5,Abu Gallum,4
13,6,Eel Garden,4
13,7,LightHouse Beach,3
13,8,Gabr El Bent,3
13,9,Kite Lagoon,4
13,10,Blue Lagoon Beach,4
13,11,Happy Kite School,4
13,12,Dahab Stars,3
13,13,Soul-Kiters,3
13,14,Harry Nass Dahab Windsurf,4
13,15,Winderland and Windsurf Center,4
13,16,Fanatic The Boarders Center Dahab,4
13,17,King Safari Dahab,2
13,18,Palma Bedouin  Safari,2
13,19,Desert Fox Safari,2
13,20,Dahab Safari Day Tours,2
13,21,Colored Canyon,1
13,22,White Canyon,2
13,23,St. Catherine Monastery,2
13,24,Abu Gallum ,2
13,25,Wadi al-Weshwashy,1
13,26,Abu Gallum ,2
13,27,El rayga camp,1
13,28,Lagoona,2
13,41,Red Cat,5
14,1,Three Pools Beach,5
14,2,Blue Lagoon Beach,5
14,3,Blue Hole Beach,5
14,4,Colored Canyon,5
14,5,Abu Gallum,5
14,6,Eel Garden,4
14,7,LightHouse Beach,4
14,8,Gabr El Bent,5
14,9,Kite Lagoon,5
14,10,Blue Lagoon Beach,5
14,11,Happy Kite School,5
14,12,Dahab Stars,4
14,13,Soul-Kiters,4
14,14,Harry Nass Dahab Windsurf,5
14,15,Winderland and Windsurf Center,5
14,16,Fanatic The Boarders Center Dahab,5
14,17,King Safari Dahab,3
14,18,Palma Bedouin  Safari,3
14,19,Desert Fox Safari,3
14,20,Dahab Safari Day Tours,2
14,21,Colored Canyon,2
14,22,White Canyon,3
14,23,St. Catherine Monastery,3
14,24,Abu Gallum ,3
14,25,Wadi al-Weshwashy,2
14,26,Abu Gallum ,2
14,27,El rayga camp,2
14,28,Lagoona,2
14,42,Shark Restaurant,5
15,1,Three Pools Beach,5
15,2,Blue Lagoon Beach,5
15,3,Blue Hole Beach,5
15,4,Colored Canyon,5
15,5,Abu Gallum,5
15,6,Eel Garden,5
15,7,LightHouse Beach,4
15,8,Gabr El Bent,4
15,9,Kite Lagoon,5
15,10,Blue Lagoon Beach,5
15,11,Happy Kite School,5
15,12,Dahab Stars,4
15,13,Soul-Kiters,4
15,14,Harry Nass Dahab Windsurf,5
15,15,Winderland and Windsurf Center,5
15,16,Fanatic The Boarders Center Dahab,5
15,17,King Safari Dahab,2
15,18,Palma Bedouin  Safari,2
15,19,Desert Fox Safari,2
15,20,Dahab Safari Day Tours,2
15,21,Colored Canyon,1
15,22,White Canyon,1
15,23,St. Catherine Monastery,2
15,24,Abu Gallum ,2
15,25,Wadi al-Weshwashy,2
15,26,Abu Gallum ,3
15,27,El rayga camp,3
15,28,Lagoona,3
15,43,Ralph's German Bakery,4
16,1,Three Pools Beach,5
16,2,Blue Lagoon Beach,5
16,3,Blue Hole Beach,5
16,4,Colored Canyon,5
16,5,Abu Gallum,4
16,6,Eel Garden,5
16,7,LightHouse Beach,5
16,8,Gabr El Bent,4
16,9,Kite Lagoon,5
16,10,Blue Lagoon Beach,5
16,11,Happy Kite School,5
16,12,Dahab Stars,5
16,13,Soul-Kiters,5
16,14,Harry Nass Dahab Windsurf,5
16,15,Winderland and Windsurf Center,5
16,16,Fanatic The Boarders Center Dahab,4
16,17,King Safari Dahab,2
16,18,Palma Bedouin  Safari,2
16,19,Desert Fox Safari,2
16,20,Dahab Safari Day Tours,2
16,21,Colored Canyon,2
16,22,White Canyon,3
16,23,St. Catherine Monastery,2
16,24,Abu Gallum ,2
16,25,Wadi al-Weshwashy,2
16,26,Abu Gallum ,2
16,27,El rayga camp,2
16,28,Lagoona,2
16,44,Ali Baba Restaurant,4
17,1,Three Pools Beach,3
17,2,Blue Lagoon Beach,3
17,3,Blue Hole Beach,3
17,4,Colored Canyon,3
17,5,Abu Gallum,2
17,6,Eel Garden,3
17,7,LightHouse Beach,3
17,8,Gabr El Bent,3
17,9,Kite Lagoon,3
17,10,Blue Lagoon Beach,3
17,11,Happy Kite School,3
17,12,Dahab Stars,3
17,13,Soul-Kiters,3
17,14,Harry Nass Dahab Windsurf,2
17,15,Winderland and Windsurf Center,2
17,16,Fanatic The Boarders Center Dahab,2
17,17,King Safari Dahab,5
17,18,Palma Bedouin  Safari,5
17,19,Desert Fox Safari,5
17,20,Dahab Safari Day Tours,5
17,21,Colored Canyon,5
17,22,White Canyon,5
17,23,St. Catherine Monastery,4
17,24,Abu Gallum ,5
17,25,Wadi al-Weshwashy,5
17,26,Abu Gallum ,4
17,27,El rayga camp,4
17,28,Lagoona,4
17,45,Yum Yum,3
18,1,Three Pools Beach,3
18,2,Blue Lagoon Beach,3
18,3,Blue Hole Beach,3
18,4,Colored Canyon,3
18,5,Abu Gallum,2
18,6,Eel Garden,2
18,7,LightHouse Beach,2
18,8,Gabr El Bent,3
18,9,Kite Lagoon,3
18,10,Blue Lagoon Beach,3
18,11,Happy Kite School,2
18,12,Dahab Stars,2
18,13,Soul-Kiters,2
18,14,Harry Nass Dahab Windsurf,2
18,15,Winderland and Windsurf Center,1
18,16,Fanatic The Boarders Center Dahab,2
18,17,King Safari Dahab,5
18,18,Palma Bedouin  Safari,5
18,19,Desert Fox Safari,5
18,20,Dahab Safari Day Tours,4
18,21,Colored Canyon,5
18,22,White Canyon,5
18,23,St. Catherine Monastery,5
18,24,Abu Gallum ,5
18,25,Wadi al-Weshwashy,5
18,26,Abu Gallum ,4
18,27,El rayga camp,3
18,28,Lagoona,4
18,46,Friends Restaurant,3
19,1,Three Pools Beach,2
19,2,Blue Lagoon Beach,2
19,3,Blue Hole Beach,2
19,4,Colored Canyon,3
19,5,Abu Gallum,3
19,6,Eel Garden,3
19,7,LightHouse Beach,2
19,8,Gabr El Bent,2
19,9,Kite Lagoon,3
19,10,Blue Lagoon Beach,3
19,11,Happy Kite School,3
19,12,Dahab Stars,3
19,13,Soul-Kiters,3
19,14,Harry Nass Dahab Windsurf,3
19,15,Winderland and Windsurf Center,2
19,16,Fanatic The Boarders Center Dahab,2
19,17,King Safari Dahab,5
19,18,Palma Bedouin  Safari,5
19,19,Desert Fox Safari,5
19,20,Dahab Safari Day Tours,5
19,21,Colored Canyon,5
19,22,White Canyon,5
19,23,St. Catherine Monastery,4
19,24,Abu Gallum ,5
19,25,Wadi al-Weshwashy,5
19,26,Abu Gallum ,4
19,27,El rayga camp,4
19,28,Lagoona,4
19,47,King Chicken Restaurant,5
20,1,Three Pools Beach,2
20,2,Blue Lagoon Beach,2
20,3,Blue Hole Beach,2
20,4,Colored Canyon,2
20,5,Abu Gallum,1
20,6,Eel Garden,2
20,7,LightHouse Beach,2
20,8,Gabr El Bent,2
20,9,Kite Lagoon,2
20,10,Blue Lagoon Beach,2
20,11,Happy Kite School,2
20,12,Dahab Stars,2
20,13,Soul-Kiters,2
20,14,Harry Nass Dahab Windsurf,2
20,15,Winderland and Windsurf Center,1
20,16,Fanatic The Boarders Center Dahab,2
20,17,King Safari Dahab,5
20,18,Palma Bedouin  Safari,5
20,19,Desert Fox Safari,5
20,20,Dahab Safari Day Tours,5
20,21,Colored Canyon,4
20,22,White Canyon,4
20,23,St. Catherine Monastery,4
20,24,Abu Gallum ,4
20,25,Wadi al-Weshwashy,5
20,26,Abu Gallum ,4
20,27,El rayga camp,4
20,28,Lagoona,4
20,48,Everday caf? and Restaurant,4
21,1,Three Pools Beach,3
21,2,Blue Lagoon Beach,3
21,3,Blue Hole Beach,3
21,4,Colored Canyon,3
21,5,Abu Gallum,3
21,6,Eel Garden,2
21,7,LightHouse Beach,3
21,8,Gabr El Bent,3
21,9,Kite Lagoon,3
21,10,Blue Lagoon Beach,3
21,11,Happy Kite School,3
21,12,Dahab Stars,2
21,13,Soul-Kiters,2
21,14,Harry Nass Dahab Windsurf,3
21,15,Winderland and Windsurf Center,3
21,16,Fanatic The Boarders Center Dahab,3
21,17,King Safari Dahab,4
21,18,Palma Bedouin  Safari,4
21,19,Desert Fox Safari,4
21,20,Dahab Safari Day Tours,5
21,21,Colored Canyon,4
21,22,White Canyon,4
21,23,St. Catherine Monastery,4
21,24,Abu Gallum ,4
21,25,Wadi al-Weshwashy,5
21,26,Abu Gallum ,5
21,27,El rayga camp,4
21,28,Lagoona,5
21,49,El fanar Restaurant,3
22,1,Three Pools Beach,3
22,2,Blue Lagoon Beach,3
22,3,Blue Hole Beach,3
22,4,Colored Canyon,3
22,5,Abu Gallum,3
22,6,Eel Garden,2
22,7,LightHouse Beach,2
22,8,Gabr El Bent,3
22,9,Kite Lagoon,3
22,10,Blue Lagoon Beach,3
22,11,Happy Kite School,3
22,12,Dahab Stars,3
22,13,Soul-Kiters,3
22,14,Harry Nass Dahab Windsurf,3
22,15,Winderland and Windsurf Center,2
22,16,Fanatic The Boarders Center Dahab,2
22,17,King Safari Dahab,4
22,18,Palma Bedouin  Safari,4
22,19,Desert Fox Safari,4
22,20,Dahab Safari Day Tours,4
22,21,Colored Canyon,4
22,22,White Canyon,3
22,23,St. Catherine Monastery,3
22,24,Abu Gallum ,4
22,25,Wadi al-Weshwashy,4
22,26,Abu Gallum ,4
22,27,El rayga camp,4
22,28,Lagoona,3
22,50,Nemo Restaurant,4
23,1,Three Pools Beach,3
23,2,Blue Lagoon Beach,3
23,3,Blue Hole Beach,3
23,4,Colored Canyon,3
23,5,Abu Gallum,3
23,6,Eel Garden,2
23,7,LightHouse Beach,2
23,8,Gabr El Bent,3
23,9,Kite Lagoon,3
23,10,Blue Lagoon Beach,3
23,11,Happy Kite School,3
23,12,Dahab Stars,3
23,13,Soul-Kiters,3
23,14,Harry Nass Dahab Windsurf,2
23,15,Winderland and Windsurf Center,3
23,16,Fanatic The Boarders Center Dahab,3
23,17,King Safari Dahab,5
23,18,Palma Bedouin  Safari,5
23,19,Desert Fox Safari,5
23,20,Dahab Safari Day Tours,5
23,21,Colored Canyon,5
23,22,White Canyon,4
23,23,St. Catherine Monastery,5
23,24,Abu Gallum ,5
23,25,Wadi al-Weshwashy,5
23,26,Abu Gallum ,5
23,27,El rayga camp,5
23,28,Lagoona,4
23,51,Ramez and Paola Restaurant,5
24,1,Three Pools Beach,3
24,2,Blue Lagoon Beach,3
24,3,Blue Hole Beach,3
24,4,Colored Canyon,2
24,5,Abu Gallum,2
24,6,Eel Garden,3
24,7,LightHouse Beach,3
24,8,Gabr El Bent,3
24,9,Kite Lagoon,2
24,10,Blue Lagoon Beach,2
24,11,Happy Kite School,2
24,12,Dahab Stars,2
24,13,Soul-Kiters,1
24,14,Harry Nass Dahab Windsurf,1
24,15,Winderland and Windsurf Center,2
24,16,Fanatic The Boarders Center Dahab,2
24,17,King Safari Dahab,4
24,18,Palma Bedouin  Safari,4
24,19,Desert Fox Safari,4
24,20,Dahab Safari Day Tours,4
24,21,Colored Canyon,4
24,22,White Canyon,5
24,23,St. Catherine Monastery,5
24,24,Abu Gallum ,4
24,25,Wadi al-Weshwashy,4
24,26,Abu Gallum ,5
24,27,El rayga camp,5
24,28,Lagoona,5
24,52,Al Capone Restaurant,4
25,1,Three Pools Beach,3
25,2,Blue Lagoon Beach,3
25,3,Blue Hole Beach,2
25,4,Colored Canyon,3
25,5,Abu Gallum,3
25,6,Eel Garden,2
25,7,LightHouse Beach,3
25,8,Gabr El Bent,3
25,9,Kite Lagoon,2
25,10,Blue Lagoon Beach,2
25,11,Happy Kite School,2
25,12,Dahab Stars,1
25,13,Soul-Kiters,1
25,14,Harry Nass Dahab Windsurf,2
25,15,Winderland and Windsurf Center,2
25,16,Fanatic The Boarders Center Dahab,2
25,17,King Safari Dahab,4
25,18,Palma Bedouin  Safari,4
25,19,Desert Fox Safari,4
25,20,Dahab Safari Day Tours,4
25,21,Colored Canyon,4
25,22,White Canyon,3
25,23,St. Catherine Monastery,3
25,24,Abu Gallum ,4
25,25,Wadi al-Weshwashy,4
25,26,Abu Gallum ,4
25,27,El rayga camp,4
25,28,Lagoona,3
25,53,Yalla Bar,3
26,1,Three Pools Beach,3
26,2,Blue Lagoon Beach,3
26,3,Blue Hole Beach,3
26,4,Colored Canyon,3
26,5,Abu Gallum,2
26,6,Eel Garden,2
26,7,LightHouse Beach,3
26,8,Gabr El Bent,3
26,9,Kite Lagoon,3
26,10,Blue Lagoon Beach,3
26,11,Happy Kite School,3
26,12,Dahab Stars,2
26,13,Soul-Kiters,2
26,14,Harry Nass Dahab Windsurf,2
26,15,Winderland and Windsurf Center,2
26,16,Fanatic The Boarders Center Dahab,3
26,17,King Safari Dahab,5
26,18,Palma Bedouin  Safari,5
26,19,Desert Fox Safari,5
26,20,Dahab Safari Day Tours,5
26,21,Colored Canyon,4
26,22,White Canyon,4
26,23,St. Catherine Monastery,5
26,24,Abu Gallum ,5
26,25,Wadi al-Weshwashy,5
26,26,Abu Gallum ,5
26,27,El rayga camp,5
26,28,Lagoona,5
26,54,Food Urge Restaurant,4
27,1,Three Pools Beach,2
27,2,Blue Lagoon Beach,2
27,3,Blue Hole Beach,2
27,4,Colored Canyon,2
27,5,Abu Gallum,2
27,6,Eel Garden,2
27,7,LightHouse Beach,3
27,8,Gabr El Bent,3
27,9,Kite Lagoon,3
27,10,Blue Lagoon Beach,3
27,11,Happy Kite School,3
27,12,Dahab Stars,3
27,13,Soul-Kiters,2
27,14,Harry Nass Dahab Windsurf,3
27,15,Winderland and Windsurf Center,3
27,16,Fanatic The Boarders Center Dahab,3
27,17,King Safari Dahab,4
27,18,Palma Bedouin  Safari,4
27,19,Desert Fox Safari,4
27,20,Dahab Safari Day Tours,4
27,21,Colored Canyon,4
27,22,White Canyon,4
27,23,St. Catherine Monastery,4
27,24,Abu Gallum ,5
27,25,Wadi al-Weshwashy,5
27,26,Abu Gallum ,5
27,27,El rayga camp,5
27,28,Lagoona,5
27,55,The Caves ,5
28,1,Three Pools Beach,2
28,2,Blue Lagoon Beach,2
28,3,Blue Hole Beach,2
28,4,Colored Canyon,3
28,5,Abu Gallum,3
28,6,Eel Garden,2
28,7,LightHouse Beach,2
28,8,Gabr El Bent,2
28,9,Kite Lagoon,2
28,10,Blue Lagoon Beach,3
28,11,Happy Kite School,3
28,12,Dahab Stars,3
28,13,Soul-Kiters,3
28,14,Harry Nass Dahab Windsurf,2
28,15,Winderland and Windsurf Center,2
28,16,Fanatic The Boarders Center Dahab,2
28,17,King Safari Dahab,4
28,18,Palma Bedouin  Safari,4
28,19,Desert Fox Safari,4
28,20,Dahab Safari Day Tours,4
28,21,Colored Canyon,5
28,22,White Canyon,4
28,23,St. Catherine Monastery,4
28,24,Abu Gallum ,5
28,25,Wadi al-Weshwashy,4
28,26,Abu Gallum ,4
28,27,El rayga camp,4
28,28,Lagoona,4
28,56,El dorado Lodge and Restaurant,3
29,1,Three Pools Beach,2
29,2,Blue Lagoon Beach,2
29,3,Blue Hole Beach,2
29,4,Colored Canyon,2
29,5,Abu Gallum,3
29,6,Eel Garden,3
29,7,LightHouse Beach,2
29,8,Gabr El Bent,2
29,9,Kite Lagoon,3
29,10,Blue Lagoon Beach,3
29,11,Happy Kite School,3
29,12,Dahab Stars,3
29,13,Soul-Kiters,3
29,14,Harry Nass Dahab Windsurf,2
29,15,Winderland and Windsurf Center,3
29,16,Fanatic The Boarders Center Dahab,3
29,17,King Safari Dahab,5
29,18,Palma Bedouin  Safari,5
29,19,Desert Fox Safari,5
29,20,Dahab Safari Day Tours,5
29,21,Colored Canyon,5
29,22,White Canyon,4
29,23,St. Catherine Monastery,4
29,24,Abu Gallum ,5
29,25,Wadi al-Weshwashy,5
29,26,Abu Gallum ,5
29,27,El rayga camp,4
29,28,Lagoona,5
29,57,Planet Caf?,4
30,1,Three Pools Beach,2
30,2,Blue Lagoon Beach,2
30,3,Blue Hole Beach,2
30,4,Colored Canyon,2
30,5,Abu Gallum,2
30,6,Eel Garden,1
30,7,LightHouse Beach,1
30,8,Gabr El Bent,2
30,9,Kite Lagoon,2
30,10,Blue Lagoon Beach,2
30,11,Happy Kite School,2
30,12,Dahab Stars,2
30,13,Soul-Kiters,2
30,14,Harry Nass Dahab Windsurf,2
30,15,Winderland and Windsurf Center,2
30,16,Fanatic The Boarders Center Dahab,3
30,17,King Safari Dahab,4
30,18,Palma Bedouin  Safari,4
30,19,Desert Fox Safari,4
30,20,Dahab Safari Day Tours,4
30,21,Colored Canyon,5
30,22,White Canyon,5
30,23,St. Catherine Monastery,4
30,24,Abu Gallum ,4
30,25,Wadi al-Weshwashy,4
30,26,Abu Gallum ,4
30,27,El rayga camp,5
30,28,Lagoona,5
30,58,Jackie's Restaurant,4
31,1,Three Pools Beach,2
31,2,Blue Lagoon Beach,2
31,3,Blue Hole Beach,2
31,4,Colored Canyon,2
31,5,Abu Gallum,3
31,6,Eel Garden,3
31,7,LightHouse Beach,2
31,8,Gabr El Bent,2
31,9,Kite Lagoon,2
31,10,Blue Lagoon Beach,2
31,11,Happy Kite School,2
31,12,Dahab Stars,3
31,13,Soul-Kiters,2
31,14,Harry Nass Dahab Windsurf,2
31,15,Winderland and Windsurf Center,2
31,16,Fanatic The Boarders Center Dahab,2
31,17,King Safari Dahab,4
31,18,Palma Bedouin  Safari,4
31,19,Desert Fox Safari,4
31,20,Dahab Safari Day Tours,4
31,21,Colored Canyon,4
31,22,White Canyon,5
31,23,St. Catherine Monastery,4
31,24,Abu Gallum ,4
31,25,Wadi al-Weshwashy,4
31,26,Abu Gallum ,4
31,27,El rayga camp,3
31,28,Lagoona,4
31,59,Dai Pescatori Restaurant,5
32,1,Three Pools Beach,2
32,2,Blue Lagoon Beach,2
32,3,Blue Hole Beach,2
32,4,Colored Canyon,2
32,5,Abu Gallum,1
32,6,Eel Garden,1
32,7,LightHouse Beach,2
32,8,Gabr El Bent,2
32,9,Kite Lagoon,2
32,10,Blue Lagoon Beach,1
32,11,Happy Kite School,2
32,12,Dahab Stars,2
32,13,Soul-Kiters,2
32,14,Harry Nass Dahab Windsurf,2
32,15,Winderland and Windsurf Center,2
32,16,Fanatic The Boarders Center Dahab,2
32,17,King Safari Dahab,5
32,18,Palma Bedouin  Safari,5
32,19,Desert Fox Safari,5
32,20,Dahab Safari Day Tours,5
32,21,Colored Canyon,4
32,22,White Canyon,5
32,23,St. Catherine Monastery,5
32,24,Abu Gallum ,4
32,25,Wadi al-Weshwashy,5
32,26,Abu Gallum ,5
32,27,El rayga camp,5
32,28,Lagoona,5
32,60,Nirvana Restaurant,4
33,1,Three Pools Beach,1
33,2,Blue Lagoon Beach,1
33,3,Blue Hole Beach,1
33,4,Colored Canyon,1
33,5,Abu Gallum,2
33,6,Eel Garden,1
33,7,LightHouse Beach,1
33,8,Gabr El Bent,1
33,9,Kite Lagoon,2
33,10,Blue Lagoon Beach,2
33,11,Happy Kite School,2
33,12,Dahab Stars,2
33,13,Soul-Kiters,1
33,14,Harry Nass Dahab Windsurf,2
33,15,Winderland and Windsurf Center,2
33,16,Fanatic The Boarders Center Dahab,2
33,17,King Safari Dahab,5
33,18,Palma Bedouin  Safari,5
33,19,Desert Fox Safari,5
33,20,Dahab Safari Day Tours,5
33,21,Colored Canyon,5
33,22,White Canyon,4
33,23,St. Catherine Monastery,5
33,24,Abu Gallum ,5
33,25,Wadi al-Weshwashy,5
33,26,Abu Gallum ,5
33,27,El rayga camp,5
33,28,Lagoona,5
33,61,Aladdin Restaurant,4
34,1,Three Pools Beach,2
34,2,Blue Lagoon Beach,2
34,3,Blue Hole Beach,2
34,4,Colored Canyon,1
34,5,Abu Gallum,2
34,6,Eel Garden,2
34,7,LightHouse Beach,2
34,8,Gabr El Bent,2
34,9,Kite Lagoon,1
34,10,Blue Lagoon Beach,1
34,11,Happy Kite School,1
34,12,Dahab Stars,1
34,13,Soul-Kiters,1
34,14,Harry Nass Dahab Windsurf,2
34,15,Winderland and Windsurf Center,1
34,16,Fanatic The Boarders Center Dahab,1
34,17,King Safari Dahab,5
34,18,Palma Bedouin  Safari,5
34,19,Desert Fox Safari,5
34,20,Dahab Safari Day Tours,5
34,21,Colored Canyon,4
34,22,White Canyon,5
34,23,St. Catherine Monastery,5
34,24,Abu Gallum ,5
34,25,Wadi al-Weshwashy,4
34,26,Abu Gallum ,4
34,27,El rayga camp,4
34,28,Lagoona,4
34,62,Sea House Restaurant,3
35,1,Three Pools Beach,1
35,2,Blue Lagoon Beach,1
35,3,Blue Hole Beach,1
35,4,Colored Canyon,1
35,5,Abu Gallum,2
35,6,Eel Garden,1
35,7,LightHouse Beach,1
35,8,Gabr El Bent,1
35,9,Kite Lagoon,1
35,10,Blue Lagoon Beach,1
35,11,Happy Kite School,1
35,12,Dahab Stars,1
35,13,Soul-Kiters,2
35,14,Harry Nass Dahab Windsurf,1
35,15,Winderland and Windsurf Center,1
35,16,Fanatic The Boarders Center Dahab,1
35,17,King Safari Dahab,5
35,18,Palma Bedouin  Safari,5
35,19,Desert Fox Safari,5
35,20,Dahab Safari Day Tours,5
35,21,Colored Canyon,5
35,22,White Canyon,4
35,23,St. Catherine Monastery,5
35,24,Abu Gallum ,5
35,25,Wadi al-Weshwashy,4
35,26,Abu Gallum ,4
35,27,El rayga camp,4
35,28,Lagoona,3
35,63,Penguin Restaurant,4
36,1,Three Pools Beach,5
36,2,Blue Lagoon Beach,5
36,3,Blue Hole Beach,5
36,4,Colored Canyon,5
36,5,Abu Gallum,5
36,6,Eel Garden,4
36,7,LightHouse Beach,4
36,8,Gabr El Bent,5
36,9,Kite Lagoon,5
36,10,Blue Lagoon Beach,5
36,11,Happy Kite School,4
36,12,Dahab Stars,4
36,13,Soul-Kiters,4
36,14,Harry Nass Dahab Windsurf,4
36,15,Winderland and Windsurf Center,5
36,16,Fanatic The Boarders Center Dahab,4
36,17,King Safari Dahab,2
36,18,Palma Bedouin  Safari,2
36,19,Desert Fox Safari,2
36,20,Dahab Safari Day Tours,2
36,21,Colored Canyon,1
36,22,White Canyon,1
36,23,St. Catherine Monastery,2
36,24,Abu Gallum ,2
36,25,Wadi al-Weshwashy,2
36,26,Abu Gallum ,1
36,27,El rayga camp,1
36,28,Lagoona,1
36,64,Same same But Different Restaurant,3
37,1,Three Pools Beach,4
37,2,Blue Lagoon Beach,4
37,3,Blue Hole Beach,4
37,4,Colored Canyon,4
37,5,Abu Gallum,5
37,6,Eel Garden,5
37,7,LightHouse Beach,4
37,8,Gabr El Bent,4
37,9,Kite Lagoon,5
37,10,Blue Lagoon Beach,5
37,11,Happy Kite School,5
37,12,Dahab Stars,5
37,13,Soul-Kiters,4
37,14,Harry Nass Dahab Windsurf,5
37,15,Winderland and Windsurf Center,5
37,16,Fanatic The Boarders Center Dahab,5
37,17,King Safari Dahab,2
37,18,Palma Bedouin  Safari,2
37,19,Desert Fox Safari,2
37,20,Dahab Safari Day Tours,2
37,21,Colored Canyon,1
37,22,White Canyon,1
37,23,St. Catherine Monastery,2
37,24,Abu Gallum ,2
37,25,Wadi al-Weshwashy,2
37,26,Abu Gallum ,2
37,27,El rayga camp,1
37,28,Lagoona,1
37,65,Kakao Caf?,4
38,1,Three Pools Beach,4
38,2,Blue Lagoon Beach,4
38,3,Blue Hole Beach,4
38,4,Colored Canyon,4
38,5,Abu Gallum,5
38,6,Eel Garden,5
38,7,LightHouse Beach,4
38,8,Gabr El Bent,4
38,9,Kite Lagoon,4
38,10,Blue Lagoon Beach,4
38,11,Happy Kite School,4
38,12,Dahab Stars,5
38,13,Soul-Kiters,4
38,14,Harry Nass Dahab Windsurf,4
38,15,Winderland and Windsurf Center,4
38,16,Fanatic The Boarders Center Dahab,4
38,17,King Safari Dahab,2
38,18,Palma Bedouin  Safari,2
38,19,Desert Fox Safari,2
38,20,Dahab Safari Day Tours,2
38,21,Colored Canyon,1
38,22,White Canyon,1
38,23,St. Catherine Monastery,2
38,24,Abu Gallum ,2
38,25,Wadi al-Weshwashy,2
38,26,Abu Gallum ,1
38,27,El rayga camp,1
38,28,Lagoona,1
38,66,Sababa Hotel,3
39,1,Three Pools Beach,5
39,2,Blue Lagoon Beach,5
39,3,Blue Hole Beach,5
39,4,Colored Canyon,5
39,5,Abu Gallum,5
39,6,Eel Garden,4
39,7,LightHouse Beach,4
39,8,Gabr El Bent,5
39,9,Kite Lagoon,5
39,10,Blue Lagoon Beach,5
39,11,Happy Kite School,5
39,12,Dahab Stars,5
39,13,Soul-Kiters,5
39,14,Harry Nass Dahab Windsurf,5
39,15,Winderland and Windsurf Center,4
39,16,Fanatic The Boarders Center Dahab,5
39,17,King Safari Dahab,2
39,18,Palma Bedouin  Safari,2
39,19,Desert Fox Safari,2
39,20,Dahab Safari Day Tours,2
39,21,Colored Canyon,1
39,22,White Canyon,2
39,23,St. Catherine Monastery,2
39,24,Abu Gallum ,2
39,25,Wadi al-Weshwashy,2
39,26,Abu Gallum ,1
39,27,El rayga camp,1
39,28,Lagoona,1
39,67,Shahrzad Caf? and Restaurant,3
40,1,Three Pools Beach,5
40,2,Blue Lagoon Beach,5
40,3,Blue Hole Beach,5
40,4,Colored Canyon,5
40,5,Abu Gallum,4
40,6,Eel Garden,4
40,7,LightHouse Beach,5
40,8,Gabr El Bent,5
40,9,Kite Lagoon,4
40,10,Blue Lagoon Beach,4
40,11,Happy Kite School,4
40,12,Dahab Stars,4
40,13,Soul-Kiters,5
40,14,Harry Nass Dahab Windsurf,5
40,15,Winderland and Windsurf Center,4
40,16,Fanatic The Boarders Center Dahab,4
40,17,King Safari Dahab,1
40,18,Palma Bedouin  Safari,1
40,19,Desert Fox Safari,1
40,20,Dahab Safari Day Tours,1
40,21,Colored Canyon,2
40,22,White Canyon,1
40,23,St. Catherine Monastery,1
40,24,Abu Gallum ,1
40,25,Wadi al-Weshwashy,1
40,26,Abu Gallum ,2
40,27,El rayga camp,2
40,28,Lagoona,2
40,68,The Vegan Lab,5
41,1,Three Pools Beach,5
41,2,Blue Lagoon Beach,5
41,3,Blue Hole Beach,5
41,4,Colored Canyon,5
41,5,Abu Gallum,4
41,6,Eel Garden,4
41,7,LightHouse Beach,5
41,8,Gabr El Bent,5
41,9,Kite Lagoon,5
41,10,Blue Lagoon Beach,5
41,11,Happy Kite School,5
41,12,Dahab Stars,4
41,13,Soul-Kiters,4
41,14,Harry Nass Dahab Windsurf,4
41,15,Winderland and Windsurf Center,4
41,16,Fanatic The Boarders Center Dahab,5
41,17,King Safari Dahab,2
41,18,Palma Bedouin  Safari,2
41,19,Desert Fox Safari,2
41,20,Dahab Safari Day Tours,2
41,21,Colored Canyon,1
41,22,White Canyon,1
41,23,St. Catherine Monastery,2
41,24,Abu Gallum ,2
41,25,Wadi al-Weshwashy,2
41,26,Abu Gallum ,2
41,27,El rayga camp,2
41,28,Lagoona,2
41,69,Fresh Fish Restaurant,5
42,1,Three Pools Beach,5
42,2,Blue Lagoon Beach,5
42,3,Blue Hole Beach,5
42,4,Colored Canyon,5
42,5,Abu Gallum,4
42,6,Eel Garden,5
42,7,LightHouse Beach,5
42,8,Gabr El Bent,5
42,9,Kite Lagoon,5
42,10,Blue Lagoon Beach,5
42,11,Happy Kite School,4
42,12,Dahab Stars,4
42,13,Soul-Kiters,4
42,14,Harry Nass Dahab Windsurf,4
42,15,Winderland and Windsurf Center,5
42,16,Fanatic The Boarders Center Dahab,5
42,17,King Safari Dahab,1
42,18,Palma Bedouin  Safari,1
42,19,Desert Fox Safari,1
42,20,Dahab Safari Day Tours,1
42,21,Colored Canyon,2
42,22,White Canyon,1
42,23,St. Catherine Monastery,1
42,24,Abu Gallum ,1
42,25,Wadi al-Weshwashy,1
42,26,Abu Gallum ,2
42,27,El rayga camp,1
42,28,Lagoona,1
42,70,Shells Restaurant,4
43,1,Three Pools Beach,4
43,2,Blue Lagoon Beach,4
43,3,Blue Hole Beach,4
43,4,Colored Canyon,4
43,5,Abu Gallum,5
43,6,Eel Garden,5
43,7,LightHouse Beach,5
43,8,Gabr El Bent,4
43,9,Kite Lagoon,5
43,10,Blue Lagoon Beach,5
43,11,Happy Kite School,5
43,12,Dahab Stars,5
43,13,Soul-Kiters,5
43,14,Harry Nass Dahab Windsurf,4
43,15,Winderland and Windsurf Center,5
43,16,Fanatic The Boarders Center Dahab,5
43,17,King Safari Dahab,1
43,18,Palma Bedouin  Safari,1
43,19,Desert Fox Safari,1
43,20,Dahab Safari Day Tours,1
43,21,Colored Canyon,1
43,22,White Canyon,2
43,23,St. Catherine Monastery,1
43,24,Abu Gallum ,1
43,25,Wadi al-Weshwashy,1
43,26,Abu Gallum ,2
43,27,El rayga camp,2
43,28,Lagoona,2
43,71,Jasmine Restaurant,4
44,1,Three Pools Beach,4
44,2,Blue Lagoon Beach,4
44,3,Blue Hole Beach,4
44,4,Colored Canyon,4
44,5,Abu Gallum,4
44,6,Eel Garden,2
44,7,LightHouse Beach,1
44,8,Gabr El Bent,1
44,9,Kite Lagoon,1
44,10,Blue Lagoon Beach,1
44,11,Happy Kite School,2
44,12,Dahab Stars,2
44,13,Soul-Kiters,2
44,14,Harry Nass Dahab Windsurf,1
44,15,Winderland and Windsurf Center,1
44,16,Fanatic The Boarders Center Dahab,1
44,17,King Safari Dahab,2
44,18,Palma Bedouin  Safari,2
44,19,Desert Fox Safari,2
44,20,Dahab Safari Day Tours,2
44,21,Colored Canyon,2
44,22,White Canyon,2
44,23,St. Catherine Monastery,2
44,24,Abu Gallum ,2
44,25,Wadi al-Weshwashy,2
44,26,Abu Gallum ,2
44,27,El rayga camp,1
44,28,Lagoona,1
44,72,Gree Valley Restaurant,3
45,1,Three Pools Beach,4
45,2,Blue Lagoon Beach,4
45,3,Blue Hole Beach,4
45,4,Colored Canyon,4
45,5,Abu Gallum,4
45,6,Eel Garden,5
45,7,LightHouse Beach,4
45,8,Gabr El Bent,4
45,9,Kite Lagoon,5
45,10,Blue Lagoon Beach,5
45,11,Happy Kite School,5
45,12,Dahab Stars,5
45,13,Soul-Kiters,4
45,14,Harry Nass Dahab Windsurf,5
45,15,Winderland and Windsurf Center,5
45,16,Fanatic The Boarders Center Dahab,5
45,17,King Safari Dahab,1
45,18,Palma Bedouin  Safari,1
45,19,Desert Fox Safari,1
45,20,Dahab Safari Day Tours,1
45,21,Colored Canyon,1
45,22,White Canyon,2
45,23,St. Catherine Monastery,2
45,24,Abu Gallum ,1
45,25,Wadi al-Weshwashy,1
45,26,Abu Gallum ,1
45,27,El rayga camp,2
45,28,Lagoona,1
45,73,GrillHouse Restaurant,4
46,1,Three Pools Beach,4
46,2,Blue Lagoon Beach,4
46,3,Blue Hole Beach,4
46,4,Colored Canyon,4
46,5,Abu Gallum,5
46,6,Eel Garden,5
46,7,LightHouse Beach,4
46,8,Gabr El Bent,4
46,9,Kite Lagoon,4
46,10,Blue Lagoon Beach,4
46,11,Happy Kite School,4
46,12,Dahab Stars,4
46,13,Soul-Kiters,5
46,14,Harry Nass Dahab Windsurf,5
46,15,Winderland and Windsurf Center,5
46,16,Fanatic The Boarders Center Dahab,4
46,17,King Safari Dahab,1
46,18,Palma Bedouin  Safari,1
46,19,Desert Fox Safari,1
46,20,Dahab Safari Day Tours,1
46,21,Colored Canyon,1
46,22,White Canyon,2
46,23,St. Catherine Monastery,2
46,24,Abu Gallum ,1
46,25,Wadi al-Weshwashy,1
46,26,Abu Gallum ,2
46,27,El rayga camp,2
46,28,Lagoona,2
46,74,Fish and Fries Restaurant,5
47,1,Three Pools Beach,4
47,2,Blue Lagoon Beach,4
47,3,Blue Hole Beach,4
47,4,Colored Canyon,4
47,5,Abu Gallum,3
47,6,Eel Garden,4
47,7,LightHouse Beach,4
47,8,Gabr El Bent,4
47,9,Kite Lagoon,4
47,10,Blue Lagoon Beach,4
47,11,Happy Kite School,4
47,12,Dahab Stars,4
47,13,Soul-Kiters,4
47,14,Harry Nass Dahab Windsurf,3
47,15,Winderland and Windsurf Center,3
47,16,Fanatic The Boarders Center Dahab,4
47,17,King Safari Dahab,2
47,18,Palma Bedouin  Safari,2
47,19,Desert Fox Safari,2
47,20,Dahab Safari Day Tours,2
47,21,Colored Canyon,1
47,22,White Canyon,1
47,23,St. Catherine Monastery,2
47,24,Abu Gallum ,2
47,25,Wadi al-Weshwashy,2
47,26,Abu Gallum ,1
47,27,El rayga camp,1
47,28,Lagoona,1
47,75,The roof Garden Restaurant,3
48,1,Three Pools Beach,4
48,2,Blue Lagoon Beach,4
48,3,Blue Hole Beach,4
48,4,Colored Canyon,4
48,5,Abu Gallum,4
48,6,Eel Garden,3
48,7,LightHouse Beach,3
48,8,Gabr El Bent,4
48,9,Kite Lagoon,4
48,10,Blue Lagoon Beach,4
48,11,Happy Kite School,4
48,12,Dahab Stars,4
48,13,Soul-Kiters,4
48,14,Harry Nass Dahab Windsurf,3
48,15,Winderland and Windsurf Center,3
48,16,Fanatic The Boarders Center Dahab,3
48,17,King Safari Dahab,2
48,18,Palma Bedouin  Safari,2
48,19,Desert Fox Safari,2
48,20,Dahab Safari Day Tours,2
48,21,Colored Canyon,2
48,22,White Canyon,2
48,23,St. Catherine Monastery,2
48,24,Abu Gallum ,1
48,25,Wadi al-Weshwashy,1
48,26,Abu Gallum ,2
48,27,El rayga camp,2
48,28,Lagoona,2
48,76,Sheikh Ali Caf? and Restaurant,4
49,1,Three Pools Beach,5
49,2,Blue Lagoon Beach,5
49,3,Blue Hole Beach,5
49,4,Colored Canyon,5
49,5,Abu Gallum,4
49,6,Eel Garden,4
49,7,LightHouse Beach,5
49,8,Gabr El Bent,5
49,9,Kite Lagoon,5
49,10,Blue Lagoon Beach,5
49,11,Happy Kite School,4
49,12,Dahab Stars,5
49,13,Soul-Kiters,5
49,14,Harry Nass Dahab Windsurf,5
49,15,Winderland and Windsurf Center,5
49,16,Fanatic The Boarders Center Dahab,5
49,17,King Safari Dahab,1
49,18,Palma Bedouin  Safari,1
49,19,Desert Fox Safari,1
49,20,Dahab Safari Day Tours,1
49,21,Colored Canyon,2
49,22,White Canyon,2
49,23,St. Catherine Monastery,2
49,24,Abu Gallum ,1
49,25,Wadi al-Weshwashy,1
49,26,Abu Gallum ,2
49,27,El rayga camp,2
49,28,Lagoona,2
49,77,Garage Restaurant Caf? and More,5
50,1,Three Pools Beach,5
50,2,Blue Lagoon Beach,5
50,3,Blue Hole Beach,5
50,4,Colored Canyon,5
50,5,Abu Gallum,5
50,6,Eel Garden,4
50,7,LightHouse Beach,5
50,8,Gabr El Bent,5
50,9,Kite Lagoon,5
50,10,Blue Lagoon Beach,5
50,11,Happy Kite School,5
50,12,Dahab Stars,5
50,13,Soul-Kiters,5
50,14,Harry Nass Dahab Windsurf,4
50,15,Winderland and Windsurf Center,4
50,16,Fanatic The Boarders Center Dahab,5
50,17,King Safari Dahab,2
50,18,Palma Bedouin  Safari,2
50,19,Desert Fox Safari,2
50,20,Dahab Safari Day Tours,1
50,21,Colored Canyon,2
50,22,White Canyon,2
50,23,St. Catherine Monastery,2
50,24,Abu Gallum ,2
50,25,Wadi al-Weshwashy,2
50,26,Abu Gallum ,2
50,27,El rayga camp,2
50,28,Lagoona,1
50,78,El Mundo Restaurant,4
51,1,Three Pools Beach,5
51,2,Blue Lagoon Beach,5
51,3,Blue Hole Beach,5
51,4,Colored Canyon,5
51,5,Abu Gallum,5
51,6,Eel Garden,4
51,7,LightHouse Beach,4
51,8,Gabr El Bent,5
51,9,Kite Lagoon,5
51,10,Blue Lagoon Beach,5
51,11,Happy Kite School,5
51,12,Dahab Stars,5
51,13,Soul-Kiters,5
51,14,Harry Nass Dahab Windsurf,4
51,15,Winderland and Windsurf Center,5
51,16,Fanatic The Boarders Center Dahab,5
51,17,King Safari Dahab,1
51,18,Palma Bedouin  Safari,1
51,19,Desert Fox Safari,1
51,20,Dahab Safari Day Tours,1
51,21,Colored Canyon,2
51,22,White Canyon,2
51,23,St. Catherine Monastery,2
51,24,Abu Gallum ,1
51,25,Wadi al-Weshwashy,1
51,26,Abu Gallum ,1
51,27,El rayga camp,1
51,28,Lagoona,1
51,79,Antika Restaurant,3
52,1,Three Pools Beach,5
52,2,Blue Lagoon Beach,5
52,3,Blue Hole Beach,5
52,4,Colored Canyon,5
52,5,Abu Gallum,4
52,6,Eel Garden,4
52,7,LightHouse Beach,5
52,8,Gabr El Bent,5
52,9,Kite Lagoon,5
52,10,Blue Lagoon Beach,5
52,11,Happy Kite School,4
52,12,Dahab Stars,4
52,13,Soul-Kiters,4
52,14,Harry Nass Dahab Windsurf,4
52,15,Winderland and Windsurf Center,4
52,16,Fanatic The Boarders Center Dahab,5
52,80,Lindy Dahab Restaurant,4
53,1,Three Pools Beach,4
53,2,Blue Lagoon Beach,4
53,3,Blue Hole Beach,4
53,4,Colored Canyon,4
53,5,Abu Gallum,5
53,6,Eel Garden,4
53,7,LightHouse Beach,5
53,8,Gabr El Bent,4
53,9,Kite Lagoon,5
53,10,Blue Lagoon Beach,5
53,11,Happy Kite School,5
53,12,Dahab Stars,5
53,13,Soul-Kiters,4
53,14,Harry Nass Dahab Windsurf,5
53,15,Winderland and Windsurf Center,5
53,16,Fanatic The Boarders Center Dahab,5
53,81,View Restaurant,4
54,1,Three Pools Beach,5
54,2,Blue Lagoon Beach,5
54,3,Blue Hole Beach,5
54,4,Colored Canyon,5
54,5,Abu Gallum,5
54,6,Eel Garden,5
54,7,LightHouse Beach,5
54,8,Gabr El Bent,4
54,9,Kite Lagoon,5
54,10,Blue Lagoon Beach,5
54,11,Happy Kite School,5
54,12,Dahab Stars,4
54,13,Soul-Kiters,5
54,14,Harry Nass Dahab Windsurf,5
54,15,Winderland and Windsurf Center,5
54,16,Fanatic The Boarders Center Dahab,5
54,82,Box Meal Restaurant,4
55,1,Three Pools Beach,4
55,2,Blue Lagoon Beach,4
55,3,Blue Hole Beach,4
55,4,Colored Canyon,4
55,5,Abu Gallum,4
55,6,Eel Garden,5
55,7,LightHouse Beach,5
55,8,Gabr El Bent,4
55,9,Kite Lagoon,4
55,10,Blue Lagoon Beach,4
55,11,Happy Kite School,4
55,12,Dahab Stars,4
55,13,Soul-Kiters,4
55,14,Harry Nass Dahab Windsurf,4
55,15,Winderland and Windsurf Center,4
55,16,Fanatic The Boarders Center Dahab,4
55,83,Hell's Kitchen Restaurant,4
56,1,Three Pools Beach,3
56,2,Blue Lagoon Beach,3
56,3,Blue Hole Beach,3
56,4,Colored Canyon,3
56,5,Abu Gallum,2
56,6,Eel Garden,2
56,7,LightHouse Beach,3
56,8,Gabr El Bent,3
56,9,Kite Lagoon,2
56,10,Blue Lagoon Beach,2
56,11,Happy Kite School,2
56,12,Dahab Stars,2
56,13,Soul-Kiters,1
56,14,Harry Nass Dahab Windsurf,2
56,15,Winderland and Windsurf Center,2
56,16,Fanatic The Boarders Center Dahab,2
56,84,Zanooba Slow Cooking,4
57,1,Three Pools Beach,2
57,2,Blue Lagoon Beach,2
57,3,Blue Hole Beach,2
57,4,Colored Canyon,2
57,5,Abu Gallum,3
57,6,Eel Garden,3
57,7,LightHouse Beach,2
57,8,Gabr El Bent,2
57,9,Kite Lagoon,2
57,10,Blue Lagoon Beach,2
57,11,Happy Kite School,3
57,12,Dahab Stars,3
57,13,Soul-Kiters,3
57,14,Harry Nass Dahab Windsurf,2
57,15,Winderland and Windsurf Center,3
57,16,Fanatic The Boarders Center Dahab,3
57,85,Alcapone Restaurant,4
58,1,Three Pools Beach,3
58,2,Blue Lagoon Beach,3
58,3,Blue Hole Beach,3
58,4,Colored Canyon,3
58,5,Abu Gallum,2
58,6,Eel Garden,2
58,7,LightHouse Beach,3
58,8,Gabr El Bent,3
58,9,Kite Lagoon,3
58,10,Blue Lagoon Beach,3
58,11,Happy Kite School,3
58,12,Dahab Stars,3
58,13,Soul-Kiters,2
58,14,Harry Nass Dahab Windsurf,2
58,15,Winderland and Windsurf Center,3
58,16,Fanatic The Boarders Center Dahab,3
58,86,Fresca Restaurant,4
59,1,Three Pools Beach,2
59,2,Blue Lagoon Beach,2
59,3,Blue Hole Beach,2
59,4,Colored Canyon,2
59,5,Abu Gallum,1
59,6,Eel Garden,1
59,7,LightHouse Beach,2
59,8,Gabr El Bent,2
59,9,Kite Lagoon,2
59,10,Blue Lagoon Beach,2
59,11,Happy Kite School,2
59,12,Dahab Stars,1
59,13,Soul-Kiters,1
59,14,Harry Nass Dahab Windsurf,2
59,15,Winderland and Windsurf Center,2
59,16,Fanatic The Boarders Center Dahab,2
59,87,Bonappetit Dahab Restaurant,4
60,17,King Safari Dahab,5
60,18,Palma Bedouin  Safari,5
60,19,Desert Fox Safari,5
60,20,Dahab Safari Day Tours,5
60,21,Colored Canyon,4
60,22,White Canyon,5
60,23,St. Catherine Monastery,5
60,24,Abu Gallum ,5
60,25,Wadi al-Weshwashy,5
60,26,Abu Gallum ,4
60,27,El rayga camp,4
60,28,Lagoona,4
60,88,Timoja Restaurant and Lounge,5
61,17,King Safari Dahab,4
61,18,Palma Bedouin  Safari,4
61,19,Desert Fox Safari,4
61,20,Dahab Safari Day Tours,5
61,21,Colored Canyon,4
61,22,White Canyon,4
61,23,St. Catherine Monastery,4
61,24,Abu Gallum ,4
61,25,Wadi al-Weshwashy,4
61,26,Abu Gallum ,5
61,27,El rayga camp,5
61,28,Lagoona,5
61,89,The Princess Restaurant Homemade,4
62,17,King Safari Dahab,4
62,18,Palma Bedouin  Safari,4
62,19,Desert Fox Safari,4
62,20,Dahab Safari Day Tours,4
62,21,Colored Canyon,3
62,22,White Canyon,4
62,23,St. Catherine Monastery,4
62,24,Abu Gallum ,4
62,25,Wadi al-Weshwashy,4
62,26,Abu Gallum ,4
62,27,El rayga camp,4
62,28,Lagoona,4
62,90,Soup Bar Dahab,3
63,17,King Safari Dahab,5
63,18,Palma Bedouin  Safari,5
63,19,Desert Fox Safari,5
63,20,Dahab Safari Day Tours,5
63,21,Colored Canyon,5
63,22,White Canyon,4
63,23,St. Catherine Monastery,5
63,24,Abu Gallum ,5
63,25,Wadi al-Weshwashy,5
63,26,Abu Gallum ,5
63,27,El rayga camp,4
63,28,Lagoona,5
64,91,Octobus Restaurant,3
65,17,King Safari Dahab,2
65,18,Palma Bedouin  Safari,2
65,19,Desert Fox Safari,2
65,20,Dahab Safari Day Tours,2
65,21,Colored Canyon,3
65,22,White Canyon,2
65,23,St. Catherine Monastery,2
65,24,Abu Gallum ,2
65,25,Wadi al-Weshwashy,2
65,26,Abu Gallum ,3
65,27,El rayga camp,3
65,28,Lagoona,3
65,92,JoMo Restaurant,4
66,17,King Safari Dahab,2
66,18,Palma Bedouin  Safari,2
66,19,Desert Fox Safari,2
66,20,Dahab Safari Day Tours,1
66,21,Colored Canyon,2
66,22,White Canyon,2
66,23,St. Catherine Monastery,2
66,24,Abu Gallum ,2
66,25,Wadi al-Weshwashy,2
66,26,Abu Gallum ,1
66,27,El rayga camp,2
66,28,Lagoona,2
66,93,Marley's Restaurant and Caf?,3
67,17,King Safari Dahab,3
67,18,Palma Bedouin  Safari,3
67,19,Desert Fox Safari,3
67,20,Dahab Safari Day Tours,3
67,21,Colored Canyon,2
67,22,White Canyon,3
67,23,St. Catherine Monastery,2
67,24,Abu Gallum ,3
67,25,Wadi al-Weshwashy,3
67,26,Abu Gallum ,3
67,27,El rayga camp,3
67,28,Lagoona,3
67,94,Mariam Fish Restaurant,3
68,17,King Safari Dahab,1
68,18,Palma Bedouin  Safari,1
68,19,Desert Fox Safari,1
68,20,Dahab Safari Day Tours,1
68,21,Colored Canyon,2
68,22,White Canyon,1
68,23,St. Catherine Monastery,1
68,24,Abu Gallum ,1
68,25,Wadi al-Weshwashy,1
68,26,Abu Gallum ,2
68,27,El rayga camp,2
68,28,Lagoona,2
68,95,Tango Sandwich,4
69,17,King Safari Dahab,2
69,18,Palma Bedouin  Safari,2
69,19,Desert Fox Safari,1
69,20,Dahab Safari Day Tours,2
69,21,Colored Canyon,2
69,22,White Canyon,1
69,23,St. Catherine Monastery,1
69,24,Abu Gallum ,2
69,25,Wadi al-Weshwashy,2
69,26,Abu Gallum ,1
69,27,El rayga camp,1
69,28,Lagoona,1
69,96,Beirut Restaurant,3
70,17,King Safari Dahab,2
70,18,Palma Bedouin  Safari,2
70,19,Desert Fox Safari,2
70,20,Dahab Safari Day Tours,2
70,21,Colored Canyon,1
70,22,White Canyon,2
70,23,St. Catherine Monastery,2
70,24,Abu Gallum ,2
70,25,Wadi al-Weshwashy,2
70,26,Abu Gallum ,2
70,27,El rayga camp,2
70,28,Lagoona,2
70,97,Namaste 2,4
71,17,King Safari Dahab,1
71,18,Palma Bedouin  Safari,1
71,19,Desert Fox Safari,1
71,20,Dahab Safari Day Tours,1
71,21,Colored Canyon,2
71,22,White Canyon,1
71,23,St. Catherine Monastery,1
71,24,Abu Gallum ,1
71,25,Wadi al-Weshwashy,1
71,26,Abu Gallum ,1
71,27,El rayga camp,2
71,28,Lagoona,1
71,98,Seaduction Dahab,3
72,17,King Safari Dahab,1
72,18,Palma Bedouin  Safari,1
72,19,Desert Fox Safari,1
72,20,Dahab Safari Day Tours,2
72,21,Colored Canyon,1
72,22,White Canyon,1
72,23,St. Catherine Monastery,1
72,24,Abu Gallum ,1
72,25,Wadi al-Weshwashy,1
72,26,Abu Gallum ,2
72,27,El rayga camp,2
72,28,Lagoona,2
72,99,Japanese Restaurant,4
73,17,King Safari Dahab,2
73,18,Palma Bedouin  Safari,2
73,19,Desert Fox Safari,2
73,20,Dahab Safari Day Tours,1
73,21,Colored Canyon,2
73,22,White Canyon,2
73,23,St. Catherine Monastery,2
73,24,Abu Gallum ,1
73,25,Wadi al-Weshwashy,2
73,26,Abu Gallum ,2
73,27,El rayga camp,1
73,28,Lagoona,1
73,100,Sea Bride,2
74,17,King Safari Dahab,2
74,18,Palma Bedouin  Safari,2
74,19,Desert Fox Safari,2
74,20,Dahab Safari Day Tours,2
74,21,Colored Canyon,1
74,22,White Canyon,2
74,23,St. Catherine Monastery,2
74,24,Abu Gallum ,2
74,25,Wadi al-Weshwashy,2
74,26,Abu Gallum ,2
74,27,El rayga camp,1
74,28,Lagoona,2
74,101,Tim's Munch,4
75,17,King Safari Dahab,1
75,18,Palma Bedouin  Safari,1
75,19,Desert Fox Safari,1
75,20,Dahab Safari Day Tours,1
75,21,Colored Canyon,1
75,22,White Canyon,2
75,23,St. Catherine Monastery,1
75,24,Abu Gallum ,1
75,25,Wadi al-Weshwashy,1
75,26,Abu Gallum ,1
75,27,El rayga camp,2
75,28,Lagoona,1
75,102,Tota Restaurant,3
76,9,Kite Lagoon,5
76,10,Blue Lagoon Beach,5
76,11,Happy Kite School,5
76,12,Dahab Stars,4
76,13,Soul-Kiters,4
76,14,Harry Nass Dahab Windsurf,5
76,15,Winderland and Windsurf Center,5
76,16,Fanatic The Boarders Center Dahab,5
76,17,King Safari Dahab,4
76,18,Palma Bedouin  Safari,4
76,19,Desert Fox Safari,4
76,20,Dahab Safari Day Tours,4
76,21,Colored Canyon,4
76,22,White Canyon,4
76,23,St. Catherine Monastery,5
76,24,Abu Gallum ,4
76,25,Wadi al-Weshwashy,4
77,9,Kite Lagoon,4
77,10,Blue Lagoon Beach,4
77,11,Happy Kite School,4
77,12,Dahab Stars,4
77,13,Soul-Kiters,4
77,14,Harry Nass Dahab Windsurf,5
77,15,Winderland and Windsurf Center,4
77,16,Fanatic The Boarders Center Dahab,4
77,17,King Safari Dahab,5
77,18,Palma Bedouin  Safari,5
77,19,Desert Fox Safari,5
77,20,Dahab Safari Day Tours,5
77,21,Colored Canyon,4
77,22,White Canyon,4
77,23,St. Catherine Monastery,5
77,24,Abu Gallum ,5
77,25,Wadi al-Weshwashy,5
78,9,Kite Lagoon,5
78,10,Blue Lagoon Beach,5
78,11,Happy Kite School,5
78,12,Dahab Stars,5
78,13,Soul-Kiters,5
78,14,Harry Nass Dahab Windsurf,4
78,15,Winderland and Windsurf Center,4
78,16,Fanatic The Boarders Center Dahab,5
78,17,King Safari Dahab,5
78,18,Palma Bedouin  Safari,5
78,19,Desert Fox Safari,5
78,20,Dahab Safari Day Tours,5
78,21,Colored Canyon,5
78,22,White Canyon,5
78,23,St. Catherine Monastery,4
78,24,Abu Gallum ,4
78,25,Wadi al-Weshwashy,5
79,9,Kite Lagoon,4
79,10,Blue Lagoon Beach,4
79,11,Happy Kite School,4
79,12,Dahab Stars,4
79,13,Soul-Kiters,4
79,14,Harry Nass Dahab Windsurf,5
79,15,Winderland and Windsurf Center,5
79,16,Fanatic The Boarders Center Dahab,4
79,17,King Safari Dahab,5
79,18,Palma Bedouin  Safari,5
79,19,Desert Fox Safari,4
79,20,Dahab Safari Day Tours,4
79,21,Colored Canyon,4
79,22,White Canyon,4
79,23,St. Catherine Monastery,4
79,24,Abu Gallum ,4
79,25,Wadi al-Weshwashy,4
80,9,Kite Lagoon,2
80,10,Blue Lagoon Beach,2
80,11,Happy Kite School,2
80,12,Dahab Stars,2
80,13,Soul-Kiters,3
80,14,Harry Nass Dahab Windsurf,3
80,15,Winderland and Windsurf Center,2
80,16,Fanatic The Boarders Center Dahab,2
80,17,King Safari Dahab,3
80,18,Palma Bedouin  Safari,3
80,19,Desert Fox Safari,3
80,20,Dahab Safari Day Tours,3
80,21,Colored Canyon,2
80,22,White Canyon,2
80,23,St. Catherine Monastery,3
80,24,Abu Gallum ,3
80,25,Wadi al-Weshwashy,3
81,9,Kite Lagoon,3
81,10,Blue Lagoon Beach,3
81,11,Happy Kite School,3
81,12,Dahab Stars,3
81,13,Soul-Kiters,2
81,14,Harry Nass Dahab Windsurf,2
81,15,Winderland and Windsurf Center,3
81,16,Fanatic The Boarders Center Dahab,3
81,17,King Safari Dahab,2
81,18,Palma Bedouin  Safari,2
81,19,Desert Fox Safari,2
81,20,Dahab Safari Day Tours,2
81,21,Colored Canyon,2
81,22,White Canyon,3
81,23,St. Catherine Monastery,2
81,24,Abu Gallum ,2
81,25,Wadi al-Weshwashy,2
82,9,Kite Lagoon,2
82,10,Blue Lagoon Beach,2
82,11,Happy Kite School,2
82,12,Dahab Stars,2
82,13,Soul-Kiters,3
82,14,Harry Nass Dahab Windsurf,2
82,15,Winderland and Windsurf Center,2
82,16,Fanatic The Boarders Center Dahab,2
82,17,King Safari Dahab,2
82,18,Palma Bedouin  Safari,2
82,19,Desert Fox Safari,2
82,20,Dahab Safari Day Tours,3
82,21,Colored Canyon,3
82,22,White Canyon,2
82,23,St. Catherine Monastery,2
82,24,Abu Gallum ,2
82,25,Wadi al-Weshwashy,1
82,103,La Baia,3
83,9,Kite Lagoon,3
83,10,Blue Lagoon Beach,3
83,11,Happy Kite School,3
83,12,Dahab Stars,3
83,13,Soul-Kiters,2
83,14,Harry Nass Dahab Windsurf,2
83,15,Winderland and Windsurf Center,3
83,16,Fanatic The Boarders Center Dahab,3
83,17,King Safari Dahab,3
83,18,Palma Bedouin  Safari,3
83,19,Desert Fox Safari,3
83,20,Dahab Safari Day Tours,1
83,21,Colored Canyon,3
83,22,White Canyon,3
83,23,St. Catherine Monastery,3
83,24,Abu Gallum ,3
83,25,Wadi al-Weshwashy,1
83,104,Kitchen Express,4
84,9,Kite Lagoon,3
84,10,Blue Lagoon Beach,3
84,11,Happy Kite School,3
84,12,Dahab Stars,3
84,13,Soul-Kiters,2
84,14,Harry Nass Dahab Windsurf,2
84,15,Winderland and Windsurf Center,3
84,16,Fanatic The Boarders Center Dahab,2
84,17,King Safari Dahab,4
84,18,Palma Bedouin  Safari,4
84,19,Desert Fox Safari,4
84,20,Dahab Safari Day Tours,4
84,21,Colored Canyon,5
84,22,White Canyon,4
84,23,St. Catherine Monastery,4
84,24,Abu Gallum ,5
84,25,Wadi al-Weshwashy,4
84,105,The holy Chef Restaurant,5
85,9,Kite Lagoon,4
85,10,Blue Lagoon Beach,4
85,11,Happy Kite School,4
85,12,Dahab Stars,4
85,13,Soul-Kiters,3
85,14,Harry Nass Dahab Windsurf,3
85,15,Winderland and Windsurf Center,4
85,16,Fanatic The Boarders Center Dahab,4
85,17,King Safari Dahab,3
85,18,Palma Bedouin  Safari,3
85,19,Desert Fox Safari,3
85,20,Dahab Safari Day Tours,3
85,21,Colored Canyon,2
85,22,White Canyon,3
85,23,St. Catherine Monastery,3
85,24,Abu Gallum ,3
85,25,Wadi al-Weshwashy,3
85,106,Seaweed Sushi Bar,4
86,9,Kite Lagoon,2
86,10,Blue Lagoon Beach,2
86,11,Happy Kite School,2
86,12,Dahab Stars,2
86,13,Soul-Kiters,1
86,14,Harry Nass Dahab Windsurf,1
86,15,Winderland and Windsurf Center,2
86,16,Fanatic The Boarders Center Dahab,2
86,17,King Safari Dahab,1
86,18,Palma Bedouin  Safari,1
86,19,Desert Fox Safari,1
86,20,Dahab Safari Day Tours,1
86,21,Colored Canyon,2
86,22,White Canyon,1
86,23,St. Catherine Monastery,1
86,24,Abu Gallum ,1
86,25,Wadi al-Weshwashy,2
87,9,Kite Lagoon,1
87,10,Blue Lagoon Beach,1
87,11,Happy Kite School,1
87,12,Dahab Stars,1
87,13,Soul-Kiters,2
87,14,Harry Nass Dahab Windsurf,2
87,15,Winderland and Windsurf Center,1
87,16,Fanatic The Boarders Center Dahab,1
87,17,King Safari Dahab,2
87,18,Palma Bedouin  Safari,2
87,19,Desert Fox Safari,2
87,20,Dahab Safari Day Tours,2
87,21,Colored Canyon,1
87,22,White Canyon,2
87,23,St. Catherine Monastery,2
87,24,Abu Gallum ,1
87,25,Wadi al-Weshwashy,1
87,107,Honey Burger,3
88,9,Kite Lagoon,1
88,10,Blue Lagoon Beach,1
88,11,Happy Kite School,1
88,12,Dahab Stars,1
88,13,Soul-Kiters,2
88,14,Harry Nass Dahab Windsurf,1
88,15,Winderland and Windsurf Center,2
88,16,Fanatic The Boarders Center Dahab,1
88,17,King Safari Dahab,1
88,18,Palma Bedouin  Safari,1
88,19,Desert Fox Safari,1
88,20,Dahab Safari Day Tours,1
88,21,Colored Canyon,2
88,22,White Canyon,1
88,23,St. Catherine Monastery,1
88,24,Abu Gallum ,1
88,25,Wadi al-Weshwashy,1
88,108,Bayside Eatery,4
89,9,Kite Lagoon,1
89,10,Blue Lagoon Beach,1
89,11,Happy Kite School,1
89,12,Dahab Stars,1
89,13,Soul-Kiters,2
89,14,Harry Nass Dahab Windsurf,2
89,15,Winderland and Windsurf Center,1
89,16,Fanatic The Boarders Center Dahab,1
89,17,King Safari Dahab,5
89,18,Palma Bedouin  Safari,5
89,19,Desert Fox Safari,5
89,20,Dahab Safari Day Tours,4
89,21,Colored Canyon,5
89,22,White Canyon,5
89,23,St. Catherine Monastery,4
89,24,Abu Gallum ,5
89,25,Wadi al-Weshwashy,5
89,109,Al Ostaz Restaurant,2
90,9,Kite Lagoon,5
90,10,Blue Lagoon Beach,5
90,11,Happy Kite School,5
90,12,Dahab Stars,5
90,13,Soul-Kiters,5
90,14,Harry Nass Dahab Windsurf,1
90,15,Winderland and Windsurf Center,5
90,16,Fanatic The Boarders Center Dahab,1
90,17,King Safari Dahab,1
90,18,Palma Bedouin  Safari,1
90,19,Desert Fox Safari,1
90,20,Dahab Safari Day Tours,1
90,21,Colored Canyon,2
90,22,White Canyon,1
90,23,St. Catherine Monastery,1
90,24,Abu Gallum ,1
90,25,Wadi al-Weshwashy,2
90,110,El siwisy Restaurant,2
91,9,Kite Lagoon,3
91,10,Blue Lagoon Beach,3
91,11,Happy Kite School,3
91,12,Dahab Stars,3
91,13,Soul-Kiters,2
91,14,Harry Nass Dahab Windsurf,2
91,15,Winderland and Windsurf Center,3
91,16,Fanatic The Boarders Center Dahab,3
91,17,King Safari Dahab,5
91,18,Palma Bedouin  Safari,5
91,19,Desert Fox Safari,5
91,20,Dahab Safari Day Tours,4
91,21,Colored Canyon,5
91,22,White Canyon,4
91,23,St. Catherine Monastery,5
91,24,Abu Gallum ,5
91,25,Wadi al-Weshwashy,5
91,111,Zeitouna Restaurant,4
92,9,Kite Lagoon,5
92,10,Blue Lagoon Beach,5
92,11,Happy Kite School,5
92,12,Dahab Stars,5
92,13,Soul-Kiters,5
92,14,Harry Nass Dahab Windsurf,4
92,15,Winderland and Windsurf Center,5
92,16,Fanatic The Boarders Center Dahab,5
92,17,King Safari Dahab,3
92,18,Palma Bedouin  Safari,3
92,19,Desert Fox Safari,3
92,20,Dahab Safari Day Tours,3
92,21,Colored Canyon,2
92,22,White Canyon,2
92,23,St. Catherine Monastery,3
92,24,Abu Gallum ,3
92,25,Wadi al-Weshwashy,1
92,112,Mirage Restaurant,4
93,9,Kite Lagoon,2
93,10,Blue Lagoon Beach,2
93,11,Happy Kite School,2
93,12,Dahab Stars,1
93,13,Soul-Kiters,1
93,14,Harry Nass Dahab Windsurf,2
93,15,Winderland and Windsurf Center,2
93,16,Fanatic The Boarders Center Dahab,2
93,17,King Safari Dahab,5
93,18,Palma Bedouin  Safari,5
93,19,Desert Fox Safari,5
93,20,Dahab Safari Day Tours,5
93,21,Colored Canyon,4
93,22,White Canyon,4
93,23,St. Catherine Monastery,5
93,24,Abu Gallum ,5
93,25,Wadi al-Weshwashy,4
93,113,Russian Restaurant,4
94,9,Kite Lagoon,5
94,10,Blue Lagoon Beach,5
94,11,Happy Kite School,5
94,12,Dahab Stars,5
94,13,Soul-Kiters,4
94,14,Harry Nass Dahab Windsurf,5
94,15,Winderland and Windsurf Center,5
94,16,Fanatic The Boarders Center Dahab,4
94,17,King Safari Dahab,2
94,18,Palma Bedouin  Safari,2
94,19,Desert Fox Safari,2
94,20,Dahab Safari Day Tours,1
94,21,Colored Canyon,2
94,22,White Canyon,2
94,23,St. Catherine Monastery,2
94,24,Abu Gallum ,1
94,25,Wadi al-Weshwashy,2
94,114,Pizza Star,5
95,1,Three Pools Beach,5
95,2,Blue Lagoon Beach,5
95,3,Blue Hole Beach,5
95,4,Colored Canyon,4
95,5,Abu Gallum,5
95,6,Eel Garden,5
95,7,LightHouse Beach,5
95,8,Gabr El Bent,5
95,26,Abu Gallum ,4
95,27,El rayga camp,4
95,28,Lagoona,5
95,120,City Burger,5
96,1,Three Pools Beach,4
96,2,Blue Lagoon Beach,4
96,3,Blue Hole Beach,4
96,4,Colored Canyon,4
96,5,Abu Gallum,5
96,6,Eel Garden,4
96,7,LightHouse Beach,4
96,8,Gabr El Bent,4
96,26,Abu Gallum ,4
96,27,El rayga camp,5
96,28,Lagoona,5
96,121,Melinka Restaurant,4
97,1,Three Pools Beach,4
97,2,Blue Lagoon Beach,4
97,3,Blue Hole Beach,4
97,4,Colored Canyon,4
97,5,Abu Gallum,5
97,6,Eel Garden,4
97,7,LightHouse Beach,4
97,8,Gabr El Bent,4
97,26,Abu Gallum ,4
97,27,El rayga camp,5
97,28,Lagoona,4
97,122,Dahabians Restaurant,5
98,1,Three Pools Beach,5
98,2,Blue Lagoon Beach,5
98,3,Blue Hole Beach,5
98,4,Colored Canyon,5
98,5,Abu Gallum,4
98,6,Eel Garden,5
98,7,LightHouse Beach,5
98,8,Gabr El Bent,5
98,26,Abu Gallum ,4
98,27,El rayga camp,4
98,28,Lagoona,5
98,123,Blue Cactus Dahab,3
99,1,Three Pools Beach,5
99,2,Blue Lagoon Beach,5
99,3,Blue Hole Beach,5
99,4,Colored Canyon,4
99,5,Abu Gallum,5
99,6,Eel Garden,5
99,7,LightHouse Beach,5
99,8,Gabr El Bent,4
99,26,Abu Gallum ,3
99,27,El rayga camp,3
99,28,Lagoona,2
99,124,Om Mahmoud Restaurant,3
100,1,Three Pools Beach,3
100,2,Blue Lagoon Beach,3
100,3,Blue Hole Beach,3
100,4,Colored Canyon,2
100,5,Abu Gallum,2
100,6,Eel Garden,3
100,7,LightHouse Beach,3
100,8,Gabr El Bent,2
100,26,Abu Gallum ,5
100,27,El rayga camp,5
100,28,Lagoona,5
100,125,Bashk-ha Restaurant,4
101,1,Three Pools Beach,3
101,2,Blue Lagoon Beach,3
101,3,Blue Hole Beach,3
101,4,Colored Canyon,2
101,5,Abu Gallum,2
101,6,Eel Garden,3
101,7,LightHouse Beach,3
101,8,Gabr El Bent,3
101,26,Abu Gallum ,2
101,27,El rayga camp,3
101,28,Lagoona,3
101,126,Abu Hassan Dahab,3
102,1,Three Pools Beach,5
102,2,Blue Lagoon Beach,5
102,3,Blue Hole Beach,5
102,4,Colored Canyon,4
102,5,Abu Gallum,5
102,6,Eel Garden,5
102,7,LightHouse Beach,5
102,8,Gabr El Bent,5
102,26,Abu Gallum ,2
102,27,El rayga camp,2
102,28,Lagoona,1
102,127,Nesima Resort,3
103,1,Three Pools Beach,2
103,2,Blue Lagoon Beach,2
103,3,Blue Hole Beach,1
103,4,Colored Canyon,1
103,5,Abu Gallum,2
103,6,Eel Garden,2
103,7,LightHouse Beach,2
103,8,Gabr El Bent,1
103,26,Abu Gallum ,5
103,27,El rayga camp,5
103,28,Lagoona,4
103,128,Lost Land Restaurant,3
104,1,Three Pools Beach,2
104,2,Blue Lagoon Beach,2
104,3,Blue Hole Beach,2
104,4,Colored Canyon,1
104,5,Abu Gallum,1
104,6,Eel Garden,2
104,7,LightHouse Beach,2
104,8,Gabr El Bent,2
104,26,Abu Gallum ,2
104,27,El rayga camp,1
104,28,Lagoona,2
104,129,El Khaima Restaurant,5
105,1,Three Pools Beach,5
105,2,Blue Lagoon Beach,5
105,3,Blue Hole Beach,5
105,4,Colored Canyon,5
105,5,Abu Gallum,4
105,6,Eel Garden,5
105,7,LightHouse Beach,5
105,8,Gabr El Bent,4
105,26,Abu Gallum ,1
105,27,El rayga camp,1
105,28,Lagoona,2
105,130,Waffle House Dahab,4
106,1,Three Pools Beach,1
106,2,Blue Lagoon Beach,1
106,3,Blue Hole Beach,1
106,4,Colored Canyon,2
106,5,Abu Gallum,1
106,6,Eel Garden,2
106,7,LightHouse Beach,1
106,8,Gabr El Bent,1
106,26,Abu Gallum ,5
106,27,El rayga camp,5
106,28,Lagoona,4
106,131,Doors caf? Dahab,4
107,1,Three Pools Beach,1
107,2,Blue Lagoon Beach,1
107,3,Blue Hole Beach,1
107,4,Colored Canyon,2
107,5,Abu Gallum,1
107,6,Eel Garden,1
107,7,LightHouse Beach,1
107,8,Gabr El Bent,2
107,26,Abu Gallum ,1
107,27,El rayga camp,2
107,28,Lagoona,1
107,132,Modulo caf? and restaurant,3
108,1,Three Pools Beach,4
108,2,Blue Lagoon Beach,4
108,3,Blue Hole Beach,4
108,4,Colored Canyon,3
108,5,Abu Gallum,3
108,6,Eel Garden,4
108,7,LightHouse Beach,4
108,8,Gabr El Bent,4
108,26,Abu Gallum ,3
108,27,El rayga camp,2
108,28,Lagoona,3
108,133,Marine Garden camp,3
109,1,Three Pools Beach,3
109,2,Blue Lagoon Beach,3
109,3,Blue Hole Beach,3
109,4,Colored Canyon,2
109,5,Abu Gallum,3
109,6,Eel Garden,3
109,7,LightHouse Beach,2
109,8,Gabr El Bent,3
109,26,Abu Gallum ,4
109,27,El rayga camp,4
109,28,Lagoona,3
109,134,Al Sultan's Kitchen,4
110,1,Three Pools Beach,4
110,2,Blue Lagoon Beach,4
110,3,Blue Hole Beach,4
110,4,Colored Canyon,3
110,5,Abu Gallum,4
110,6,Eel Garden,3
110,7,LightHouse Beach,4
110,8,Gabr El Bent,4
110,26,Abu Gallum ,2
110,27,El rayga camp,1
110,28,Lagoona,2
110,135,Zoghby Restaurant,3
111,1,Three Pools Beach,2
111,2,Blue Lagoon Beach,2
111,3,Blue Hole Beach,2
111,4,Colored Canyon,1
111,5,Abu Gallum,1
111,6,Eel Garden,2
111,7,LightHouse Beach,2
111,8,Gabr El Bent,2
111,26,Abu Gallum ,4
111,27,El rayga camp,3
111,28,Lagoona,4
111,136,Roots Kushary and More,5
112,1,Three Pools Beach,4
112,2,Blue Lagoon Beach,4
112,3,Blue Hole Beach,4
112,4,Colored Canyon,3
112,5,Abu Gallum,4
112,6,Eel Garden,4
112,7,LightHouse Beach,3
112,8,Gabr El Bent,4
112,26,Abu Gallum ,1
112,27,El rayga camp,2
112,28,Lagoona,1
112,137,Noor El-Sabah,2
113,1,Three Pools Beach,1
113,2,Blue Lagoon Beach,1
113,3,Blue Hole Beach,1
113,4,Colored Canyon,2
113,5,Abu Gallum,1
113,6,Eel Garden,2
113,7,LightHouse Beach,1
113,8,Gabr El Bent,1
113,26,Abu Gallum ,4
113,27,El rayga camp,4
113,28,Lagoona,3
113,138,Bedouin Bread,4
114,1,Three Pools Beach,3
114,2,Blue Lagoon Beach,3
114,3,Blue Hole Beach,3
114,4,Colored Canyon,2
114,5,Abu Gallum,2
114,6,Eel Garden,3
114,7,LightHouse Beach,3
114,8,Gabr El Bent,2
114,26,Abu Gallum ,2
114,27,El rayga camp,2
114,28,Lagoona,1
114,139,Dyarna Dahab Hotel,4
115,1,Three Pools Beach,2
115,2,Blue Lagoon Beach,2
115,3,Blue Hole Beach,2
115,4,Colored Canyon,1
115,5,Abu Gallum,2
115,6,Eel Garden,2
115,7,LightHouse Beach,1
115,8,Gabr El Bent,2
115,26,Abu Gallum ,3
115,27,El rayga camp,3
115,28,Lagoona,2
115,140,Abo Zaed Restaurant Dahab,4
116,1,Three Pools Beach,3
116,2,Blue Lagoon Beach,3
116,3,Blue Hole Beach,3
116,4,Colored Canyon,3
116,5,Abu Gallum,2
116,6,Eel Garden,3
116,7,LightHouse Beach,2
116,8,Gabr El Bent,3
116,26,Abu Gallum ,1
116,27,El rayga camp,1
116,28,Lagoona,2
116,141,King Falafel Restaurant,3
117,1,Three Pools Beach,1
117,2,Blue Lagoon Beach,1
117,3,Blue Hole Beach,1
117,4,Colored Canyon,2
117,5,Abu Gallum,1
117,6,Eel Garden,1
117,7,LightHouse Beach,1
117,8,Gabr El Bent,2
117,26,Abu Gallum ,3
117,27,El rayga camp,3
117,28,Lagoona,3
117,142,Chill Out Caf?,4
118,1,Three Pools Beach,2
118,2,Blue Lagoon Beach,2
118,3,Blue Hole Beach,2
118,4,Colored Canyon,1
118,5,Abu Gallum,1
118,6,Eel Garden,2
118,7,LightHouse Beach,2
118,8,Gabr El Bent,1
118,26,Abu Gallum ,2
118,27,El rayga camp,1
118,28,Lagoona,1
118,143,Beduin food,4
119,1,Three Pools Beach,1
119,2,Blue Lagoon Beach,1
119,3,Blue Hole Beach,1
119,4,Colored Canyon,1
119,5,Abu Gallum,2
119,6,Eel Garden,2
119,7,LightHouse Beach,1
119,8,Gabr El Bent,1
119,26,Abu Gallum ,2
119,27,El rayga camp,2
119,28,Lagoona,2
119,144,Abo zed Restaurant,4
120,1,Three Pools Beach,5
120,2,Blue Lagoon Beach,5
120,3,Blue Hole Beach,5
120,4,Colored Canyon,4
120,5,Abu Gallum,4
120,6,Eel Garden,5
120,7,LightHouse Beach,5
120,8,Gabr El Bent,4
120,145,El Sharkawy Restaurant,3
121,1,Three Pools Beach,4
121,2,Blue Lagoon Beach,4
121,3,Blue Hole Beach,4
121,4,Colored Canyon,3
121,5,Abu Gallum,3
121,6,Eel Garden,4
121,7,LightHouse Beach,4
121,8,Gabr El Bent,3
121,146,Fish Break,4
122,1,Three Pools Beach,3
122,2,Blue Lagoon Beach,3
122,3,Blue Hole Beach,3
122,4,Colored Canyon,2
122,5,Abu Gallum,2
122,6,Eel Garden,3
122,7,LightHouse Beach,3
122,8,Gabr El Bent,3
122,147,El PortSaidy Sandwiches,2
123,1,Three Pools Beach,2
123,2,Blue Lagoon Beach,2
123,3,Blue Hole Beach,2
123,4,Colored Canyon,1
123,5,Abu Gallum,2
123,6,Eel Garden,1
123,7,LightHouse Beach,2
123,8,Gabr El Bent,2
123,148,3M Dahab,4
124,1,Three Pools Beach,1
124,2,Blue Lagoon Beach,1
124,3,Blue Hole Beach,1
124,4,Colored Canyon,2
124,5,Abu Gallum,1
124,6,Eel Garden,1
124,7,LightHouse Beach,2
124,8,Gabr El Bent,1
124,149,Fattoush-Lebanese Food,5
125,9,Kite Lagoon,5
125,10,Blue Lagoon Beach,5
125,11,Happy Kite School,5
125,12,Dahab Stars,4
125,13,Soul-Kiters,4
125,14,Harry Nass Dahab Windsurf,3
125,15,Winderland and Windsurf Center,4
125,16,Fanatic The Boarders Center Dahab,4
125,150,Om Mohamed Restaurant,2
126,9,Kite Lagoon,4
126,10,Blue Lagoon Beach,4
126,11,Happy Kite School,4
126,12,Dahab Stars,3
126,13,Soul-Kiters,4
126,14,Harry Nass Dahab Windsurf,4
126,15,Winderland and Windsurf Center,3
126,16,Fanatic The Boarders Center Dahab,4
126,151,Chef Othman Restaurant,5
127,9,Kite Lagoon,3
127,10,Blue Lagoon Beach,3
127,11,Happy Kite School,3
127,12,Dahab Stars,2
127,13,Soul-Kiters,3
127,14,Harry Nass Dahab Windsurf,2
127,15,Winderland and Windsurf Center,2
127,16,Fanatic The Boarders Center Dahab,3
127,152,Darwish Fish Market,3
128,9,Kite Lagoon,2
128,10,Blue Lagoon Beach,2
128,11,Happy Kite School,2
128,12,Dahab Stars,2
128,13,Soul-Kiters,1
128,14,Harry Nass Dahab Windsurf,2
128,15,Winderland and Windsurf Center,2
128,16,Fanatic The Boarders Center Dahab,2
128,153,Waffle Hut Dahab,5
129,9,Kite Lagoon,1
129,10,Blue Lagoon Beach,1
129,11,Happy Kite School,1
129,12,Dahab Stars,1
129,13,Soul-Kiters,2
129,14,Harry Nass Dahab Windsurf,2
129,15,Winderland and Windsurf Center,1
129,16,Fanatic The Boarders Center Dahab,1
129,154,Matamata restaurant,3
130,17,King Safari Dahab,5
130,18,Palma Bedouin  Safari,5
130,19,Desert Fox Safari,5
130,20,Dahab Safari Day Tours,4
130,21,Colored Canyon,5
130,22,White Canyon,5
130,23,St. Catherine Monastery,4
130,24,Abu Gallum ,3
130,25,Wadi al-Weshwashy,4
130,155,Le Don Camillo,4
131,17,King Safari Dahab,4
131,18,Palma Bedouin  Safari,4
131,19,Desert Fox Safari,4
131,20,Dahab Safari Day Tours,3
131,21,Colored Canyon,4
131,22,White Canyon,3
131,23,St. Catherine Monastery,4
131,24,Abu Gallum ,4
131,25,Wadi al-Weshwashy,4
131,156,Blue House Restaurant and caf?,4
132,17,King Safari Dahab,3
132,18,Palma Bedouin  Safari,3
132,19,Desert Fox Safari,3
132,20,Dahab Safari Day Tours,2
132,21,Colored Canyon,3
132,22,White Canyon,2
132,23,St. Catherine Monastery,3
132,24,Abu Gallum ,3
132,25,Wadi al-Weshwashy,3
132,157,Thai Restaurant,5
133,17,King Safari Dahab,2
133,18,Palma Bedouin  Safari,2
133,19,Desert Fox Safari,2
133,20,Dahab Safari Day Tours,1
133,21,Colored Canyon,2
133,22,White Canyon,2
133,23,St. Catherine Monastery,2
133,24,Abu Gallum ,1
133,25,Wadi al-Weshwashy,2
133,158,Jays Caf?,2
134,17,King Safari Dahab,1
134,18,Palma Bedouin  Safari,1
134,19,Desert Fox Safari,1
134,20,Dahab Safari Day Tours,2
134,21,Colored Canyon,1
134,22,White Canyon,1
134,23,St. Catherine Monastery,1
134,24,Abu Gallum ,2
134,25,Wadi al-Weshwashy,1
134,159,Afandina caf?,4
135,26,Abu Gallum ,5
135,27,El rayga camp,5
135,28,Lagoona,4
135,160,Koshari,3
136,26,Abu Gallum ,4
136,27,El rayga camp,4
136,28,Lagoona,4
136,161,Lagona restaurant,3
137,26,Abu Gallum ,3
137,27,El rayga camp,3
137,28,Lagoona,2
137,162,Abo Omar Restaurant,4
138,26,Abu Gallum ,2
138,27,El rayga camp,2
138,28,Lagoona,2
138,163,Abo Ahmed Restaurant,2
139,26,Abu Gallum ,1
139,27,El rayga camp,1
139,28,Lagoona,2
139,164,Romantic italian Restaurant,5
140,187,Octopus World Dahab Dive center,5
140,188,Sea Dancer Dive center,5
140,189,Dahab Divers Lodge,5
140,190,Big Blue Dahab,4
140,191,H20 Divers Dahab,4
140,192,Orca Dive Dahab,4
140,193,Dahab Divers,5
140,194,Aqua Divers Dahab,5
140,195,Scuba Seekers,4
140,196,Bedouin Divers Dahab,5
140,197,XDI- Club Red,3
140,1,Three Pools Beach,4
140,2,Blue Lagoon Beach,4
140,3,Blue Hole Beach,3
140,4,Colored Canyon,4
140,5,Abu Gallum,2
140,6,Eel Garden,4
140,7,LightHouse Beach,4
140,8,Gabr El Bent,3
140,9,Kite Lagoon,5
140,10,Blue Lagoon Beach,5
140,11,Happy Kite School,4
140,12,Dahab Stars,5
140,13,Soul-Kiters,4
140,14,Harry Nass Dahab Windsurf,4
140,15,Winderland and Windsurf Center,5
140,16,Fanatic The Boarders Center Dahab,5
140,165,Chicken Shop Restaurant,4
141,187,Octopus World Dahab Dive center,4
141,188,Sea Dancer Dive center,4
141,189,Dahab Divers Lodge,4
141,190,Big Blue Dahab,5
141,191,H20 Divers Dahab,4
141,192,Orca Dive Dahab,5
141,193,Dahab Divers,4
141,194,Aqua Divers Dahab,4
141,195,Scuba Seekers,4
141,196,Bedouin Divers Dahab,3
141,197,XDI- Club Red,3
141,1,Three Pools Beach,4
141,2,Blue Lagoon Beach,5
141,3,Blue Hole Beach,5
141,4,Colored Canyon,5
141,5,Abu Gallum,4
141,6,Eel Garden,5
141,7,LightHouse Beach,5
141,8,Gabr El Bent,5
141,9,Kite Lagoon,5
141,10,Blue Lagoon Beach,4
141,11,Happy Kite School,5
141,12,Dahab Stars,5
141,13,Soul-Kiters,5
141,14,Harry Nass Dahab Windsurf,5
141,15,Winderland and Windsurf Center,5
141,16,Fanatic The Boarders Center Dahab,4
141,166,Seaview Dahab Hotel and restaurant,3
142,198,Fish and Friends Diving Center,4
142,199,Dahab Divers Technical,4
142,200,Fantasea Divers Dahab,3
142,201,Penguin Divers Club,3
142,202,Circle Divers Dahab,4
142,203,Deep Blue Divers Dahab,4
142,204,Red Sea Tribe,4
142,205,Sinai Divers Backpackers,4
142,206,Sunsplash Divers Hotel,3
142,207,Desert Divers Dahab,4
142,208,Nesima Diving Centre,4
142,1,Three Pools Beach,4
142,2,Blue Lagoon Beach,4
142,3,Blue Hole Beach,3
142,4,Colored Canyon,3
142,5,Abu Gallum,3
142,6,Eel Garden,4
142,7,LightHouse Beach,2
142,8,Gabr El Bent,2
142,9,Kite Lagoon,2
142,10,Blue Lagoon Beach,4
142,11,Happy Kite School,4
142,12,Dahab Stars,3
142,13,Soul-Kiters,3
142,14,Harry Nass Dahab Windsurf,4
142,15,Winderland and Windsurf Center,4
142,16,Fanatic The Boarders Center Dahab,4
142,167,El Hossini Restaurant,3
143,198,Fish and Friends Diving Center,3
143,199,Dahab Divers Technical,3
143,200,Fantasea Divers Dahab,3
143,201,Penguin Divers Club,2
143,202,Circle Divers Dahab,2
143,203,Deep Blue Divers Dahab,3
143,204,Red Sea Tribe,3
143,205,Sinai Divers Backpackers,3
143,206,Sunsplash Divers Hotel,2
143,207,Desert Divers Dahab,3
143,208,Nesima Diving Centre,3
143,1,Three Pools Beach,1
143,2,Blue Lagoon Beach,1
143,3,Blue Hole Beach,2
143,4,Colored Canyon,2
143,5,Abu Gallum,1
143,6,Eel Garden,1
143,7,LightHouse Beach,1
143,8,Gabr El Bent,1
143,9,Kite Lagoon,2
143,10,Blue Lagoon Beach,2
143,11,Happy Kite School,2
143,12,Dahab Stars,4
143,13,Soul-Kiters,4
143,14,Harry Nass Dahab Windsurf,4
143,15,Winderland and Windsurf Center,3
143,16,Fanatic The Boarders Center Dahab,4
143,168,El Sheikh Karam Restaurant,3
144,209,Red Sea Relax Dive Center,3
144,210,Black Rock Dive Centre,3
144,211,Poseidon Divers Red Sea ,2
144,212,Duiken In Dahab,4
144,213,Liquid Adventures in Dahab,4
144,214,SlyDive Dahab,4
144,215,Blue Realm Diving,4
144,216,Scuba Zone Dahab,5
144,217,Dahab Tec Diving,5
144,218,Mirage Divers,5
144,219,Blue Ocean Dive,4
144,220,Shams Hotel and Dive Centre,4
144,1,Three Pools Beach,3
144,2,Blue Lagoon Beach,3
144,3,Blue Hole Beach,3
144,4,Colored Canyon,2
144,5,Abu Gallum,4
144,6,Eel Garden,4
144,7,LightHouse Beach,4
144,8,Gabr El Bent,5
144,1,Three Pools Beach,3
144,2,Blue Lagoon Beach,3
144,3,Blue Hole Beach,3
144,4,Colored Canyon,2
144,5,Abu Gallum,3
144,6,Eel Garden,3
144,7,LightHouse Beach,2
144,8,Gabr El Bent,2
144,169,The Chinese Restaurant,5
145,209,Red Sea Relax Dive Center,4
145,210,Black Rock Dive Centre,4
145,211,Poseidon Divers Red Sea ,4
145,212,Duiken In Dahab,5
145,213,Liquid Adventures in Dahab,5
145,214,SlyDive Dahab,4
145,215,Blue Realm Diving,4
145,216,Scuba Zone Dahab,5
145,217,Dahab Tec Diving,5
145,218,Mirage Divers,5
145,219,Blue Ocean Dive,4
145,220,Shams Hotel and Dive Centre,5
145,1,Three Pools Beach,4
145,2,Blue Lagoon Beach,4
145,3,Blue Hole Beach,5
145,4,Colored Canyon,5
145,5,Abu Gallum,5
145,6,Eel Garden,5
145,7,LightHouse Beach,4
145,8,Gabr El Bent,4
145,1,Three Pools Beach,4
145,2,Blue Lagoon Beach,3
145,3,Blue Hole Beach,3
145,4,Colored Canyon,4
145,5,Abu Gallum,4
145,6,Eel Garden,5
145,7,LightHouse Beach,5
145,8,Gabr El Bent,5
145,170,Coffee Corner,4
146,209,Red Sea Relax Dive Center,4
146,210,Black Rock Dive Centre,4
146,211,Poseidon Divers Red Sea ,4
146,212,Duiken In Dahab,5
146,213,Liquid Adventures in Dahab,5
146,214,SlyDive Dahab,4
146,215,Blue Realm Diving,4
146,216,Scuba Zone Dahab,4
146,217,Dahab Tec Diving,3
146,218,Mirage Divers,3
146,219,Blue Ocean Dive,4
146,220,Shams Hotel and Dive Centre,4
146,1,Three Pools Beach,3
146,2,Blue Lagoon Beach,3
146,3,Blue Hole Beach,2
146,4,Colored Canyon,2
146,5,Abu Gallum,3
146,6,Eel Garden,3
146,7,LightHouse Beach,2
146,8,Gabr El Bent,3
146,1,Three Pools Beach,3
146,2,Blue Lagoon Beach,4
146,3,Blue Hole Beach,4
146,4,Colored Canyon,4
146,5,Abu Gallum,4
146,6,Eel Garden,3
146,7,LightHouse Beach,4
146,8,Gabr El Bent,4
146,171,Vie Restaurant,4
147,221,Dahab days Diving Centre,4
147,222,Freedive Dahab,4
147,223,Nirvana Divers Hotel,4
147,224,Dpm  Dahab,3
147,225,Sinai Divers ,4
147,226,Dahab Freedivers,4
147,227,Lighthouse Divecenter,4
147,228,Scubatec Dahab Dive Shop,3
147,229,Lagona Divers,4
147,230,Freedive N Egypt Dahab,4
147,231,Shanti freediving,4
147,232,Dive Urge,3
147,233,Reef 2000 Diving Centre,4
147,234,Subsinai Diving Hub,4
147,235,Daniela Diving Centre,4
147,236,Diving Center Escobar,3
147,9,Kite Lagoon,5
147,10,Blue Lagoon Beach,5
147,11,Happy Kite School,5
147,12,Dahab Stars,4
147,13,Soul-Kiters,4
147,14,Harry Nass Dahab Windsurf,5
147,15,Winderland and Windsurf Center,5
147,16,Fanatic The Boarders Center Dahab,5
147,172,Kiki's Sushi Bar,5
148,221,Dahab days Diving Centre,5
148,222,Freedive Dahab,5
148,223,Nirvana Divers Hotel,5
148,224,Dpm  Dahab,5
148,225,Sinai Divers ,4
148,226,Dahab Freedivers,4
148,227,Lighthouse Divecenter,5
148,228,Scubatec Dahab Dive Shop,5
148,229,Lagona Divers,4
148,230,Freedive N Egypt Dahab,4
148,231,Shanti freediving,4
148,232,Dive Urge,4
148,233,Reef 2000 Diving Centre,5
148,234,Subsinai Diving Hub,5
148,235,Daniela Diving Centre,5
148,236,Diving Center Escobar,5
148,9,Kite Lagoon,2
148,10,Blue Lagoon Beach,2
148,11,Happy Kite School,2
148,12,Dahab Stars,2
148,13,Soul-Kiters,1
148,14,Harry Nass Dahab Windsurf,2
148,15,Winderland and Windsurf Center,2
148,16,Fanatic The Boarders Center Dahab,2
148,173,Al Madina Fish Restaurant,3
149,221,Dahab days Diving Centre,3
149,222,Freedive Dahab,3
149,223,Nirvana Divers Hotel,3
149,224,Dpm  Dahab,2
149,225,Sinai Divers ,2
149,226,Dahab Freedivers,3
149,227,Lighthouse Divecenter,3
149,228,Scubatec Dahab Dive Shop,3
149,229,Lagona Divers,4
149,230,Freedive N Egypt Dahab,3
149,231,Shanti freediving,3
149,232,Dive Urge,3
149,233,Reef 2000 Diving Centre,2
149,234,Subsinai Diving Hub,3
149,235,Daniela Diving Centre,3
149,236,Diving Center Escobar,3
149,9,Kite Lagoon,4
149,10,Blue Lagoon Beach,4
149,11,Happy Kite School,4
149,12,Dahab Stars,5
149,13,Soul-Kiters,5
149,14,Harry Nass Dahab Windsurf,4
149,15,Winderland and Windsurf Center,4
149,16,Fanatic The Boarders Center Dahab,5
149,174,El Masryeen King Falafel,3
150,221,Dahab days Diving Centre,4
150,222,Freedive Dahab,4
150,223,Nirvana Divers Hotel,4
150,224,Dpm  Dahab,3
150,225,Sinai Divers ,3
150,226,Dahab Freedivers,4
150,227,Lighthouse Divecenter,4
150,228,Scubatec Dahab Dive Shop,4
150,229,Lagona Divers,4
150,230,Freedive N Egypt Dahab,3
150,231,Shanti freediving,4
150,232,Dive Urge,4
150,233,Reef 2000 Diving Centre,4
150,234,Subsinai Diving Hub,4
150,235,Daniela Diving Centre,3
150,236,Diving Center Escobar,3
150,26,Abu Gallum ,5
150,27,El rayga camp,5
150,28,Lagoona,5
150,175,Wish Sandwich,4
151,237,IDC Course Director Marlies,4
151,238,The Dive School in Dahab,4
151,239,Inmo Divers Home,4
151,240,Sub Aqua Dive Center,5
151,241,Extra Divers Worldwide,5
151,242,Dive Store ,4
151,243,Scuba Too,4
151,244,Dahabian Divers Dive center,4
151,245,Three pools Dive Site ,3
151,246,Divers House,4
151,26,Abu Gallum ,3
151,27,El rayga camp,3
151,28,Lagoona,3
151,176,Everyday Old Factory Caf?,4
152,237,IDC Course Director Marlies,5
152,238,The Dive School in Dahab,5
152,239,Inmo Divers Home,5
152,240,Sub Aqua Dive Center,5
152,241,Extra Divers Worldwide,4
152,242,Dive Store ,4
152,243,Scuba Too,5
152,244,Dahabian Divers Dive center,5
152,245,Three pools Dive Site ,4
152,246,Divers House,5
152,26,Abu Gallum ,2
152,27,El rayga camp,2
152,28,Lagoona,2
152,177,Speed Bar,3
153,237,IDC Course Director Marlies,2
153,238,The Dive School in Dahab,2
153,239,Inmo Divers Home,2
153,240,Sub Aqua Dive Center,3
153,241,Extra Divers Worldwide,3
153,242,Dive Store ,2
153,243,Scuba Too,2
153,244,Dahabian Divers Dive center,2
153,245,Three pools Dive Site ,3
153,246,Divers House,2
153,26,Abu Gallum ,2
153,27,El rayga camp,1
153,28,Lagoona,2
153,178,Berry Kitchen,3
154,179,Moon House Caf? Restaurant,4
154,255,Blue Hole Beach,5
154,256,Gabr EL Bent,4
154,257,Light House Beach,3
154,258,Three Pools Beach,5
155,247,7 heaven Hotel and diving center,4
155,248,Three Pools Beach,5
155,249,Abu Gallum ,5
155,250,Blue Lagoon Beach,4
155,251,Bubbles Team For Diving,5
155,252, Blue Hole Beach,5
155,253, Gabr El Bent,5
155,254,Light House Beach,4
156,321,Temple Of Karnak,5
156,322,Valley of The Kings,5
156,323,Luxor Temple,5
156,324,Temple of Deir Bahari,5
156,325,Madinet Habu,4
156,326,Tombs of The Nobles,4
156,327,Colossi Of Memnon,5
156,328,Rammeseum,5
156,329,Luxor Museum,4
156,330,Deir El- Madina,5
156,331,Mortuary Temple Seti,3
156,332,Tomb of TutAnkhAmon,3
156,333,Mummification Museum,4
156,334,Komombo Temple,5
156,335,Temple of Edfu,5
156,336,Hot Air Balloon ,5
156,337,Felucca to Banana Island,5
156,338,Aisha Restaurant,3
157,321,Temple Of Karnak,5
157,322,Valley of The Kings,5
157,323,Luxor Temple,4
157,324,Temple of Deir Bahari,4
157,325,Madinet Habu,3
157,326,Tombs of The Nobles,3
157,327,Colossi Of Memnon,4
157,328,Rammeseum,4
157,329,Luxor Museum,5
157,330,Deir El- Madina,5
157,331,Mortuary Temple Seti,4
157,332,Tomb of TutAnkhAmon,4
157,333,Mummification Museum,3
157,334,Komombo Temple,3
157,335,Temple of Edfu,4
157,336,Hot Air Balloon ,5
157,337,Felucca to Banana Island,4
157,339, El Tarboush,3
158,321,Temple Of Karnak,4
158,322,Valley of The Kings,4
158,323,Luxor Temple,4
158,324,Temple of Deir Bahari,4
158,325,Madinet Habu,3
158,326,Tombs of The Nobles,4
158,327,Colossi Of Memnon,2
158,328,Rammeseum,2
158,329,Luxor Museum,4
158,330,Deir El- Madina,4
158,331,Mortuary Temple Seti,4
158,332,Tomb of TutAnkhAmon,4
158,333,Mummification Museum,5
158,334,Komombo Temple,5
158,335,Temple of Edfu,5
158,336,Hot Air Balloon ,5
158,337,Felucca to Banana Island,2
158,340,steigenberger Nile palace,5
159,321,Temple Of Karnak,2
159,322,Valley of The Kings,2
159,323,Luxor Temple,2
159,324,Temple of Deir Bahari,2
159,325,Madinet Habu,2
159,326,Tombs of The Nobles,1
159,327,Colossi Of Memnon,2
159,328,Rammeseum,2
159,329,Luxor Museum,1
159,330,Deir El- Madina,2
159,331,Mortuary Temple Seti,2
159,332,Tomb of TutAnkhAmon,3
159,333,Mummification Museum,2
159,334,Komombo Temple,1
159,335,Temple of Edfu,2
159,336,Hot Air Balloon ,2
159,337,Felucca to Banana Island,5
159,341, Al-Sahaby Lane,3
160,321,Temple Of Karnak,5
160,322,Valley of The Kings,5
160,323,Luxor Temple,5
160,324,Temple of Deir Bahari,4
160,325,Madinet Habu,4
160,326,Tombs of The Nobles,5
160,327,Colossi Of Memnon,5
160,328,Rammeseum,5
160,329,Luxor Museum,5
160,330,Deir El- Madina,5
160,336,Hot Air Balloon ,4
160,342, Pizza Roma-it,3
161,331,Mortuary Temple Seti,5
161,332,Tomb of TutAnkhAmon,4
161,333,Mummification Museum,4
161,334,Komombo Temple,5
161,335,Temple of Edfu,5
161,343, The Lantern Room,4
162,331,Mortuary Temple Seti,5
162,332,Tomb of TutAnkhAmon,4
162,333,Mummification Museum,4
162,334,Komombo Temple,4
162,335,Temple of Edfu,5
162,344, Sofra Restaurant ,4
163,331,Mortuary Temple Seti,3
163,332,Tomb of TutAnkhAmon,3
163,333,Mummification Museum,2
163,334,Komombo Temple,3
163,335,Temple of Edfu,2
163,345, snobs,4
164,331,Mortuary Temple Seti,2
164,332,Tomb of TutAnkhAmon,2
164,333,Mummification Museum,2
164,334,Komombo Temple,1
164,335,Temple of Edfu,1
164,346,Sunflower ,4
165,331,Mortuary Temple Seti,1
165,332,Tomb of TutAnkhAmon,1
165,333,Mummification Museum,2
165,334,Komombo Temple,1
165,335,Temple of Edfu,1
165,347,SunRise Restaurant,3
166,321,Temple Of Karnak,5
166,322,Valley of The Kings,5
166,323,Luxor Temple,4
166,324,Temple of Deir Bahari,4
166,325,Madinet Habu,4
166,326,Tombs of The Nobles,5
166,327,Colossi Of Memnon,5
166,328,Rammeseum,5
166,329,Luxor Museum,3
166,330,Deir El- Madina,5
166,336,Hot Air Balloon ,5
166,348, Oasis Palace,5
167,321,Temple Of Karnak,4
167,322,Valley of The Kings,4
167,323,Luxor Temple,4
167,324,Temple of Deir Bahari,3
167,325,Madinet Habu,3
167,326,Tombs of The Nobles,4
167,327,Colossi Of Memnon,3
167,328,Rammeseum,3
167,329,Luxor Museum,3
167,330,Deir El- Madina,4
167,336,Hot Air Balloon ,4
167,349, Tutankhamon,2
168,321,Temple Of Karnak,3
168,322,Valley of The Kings,3
168,323,Luxor Temple,3
168,324,Temple of Deir Bahari,4
168,325,Madinet Habu,4
168,326,Tombs of The Nobles,3
168,327,Colossi Of Memnon,3
168,328,Rammeseum,3
168,329,Luxor Museum,3
168,330,Deir El- Madina,4
168,336,Hot Air Balloon ,3
168,350, A Taste of India,5
169,321,Temple Of Karnak,3
169,322,Valley of The Kings,3
169,323,Luxor Temple,2
169,324,Temple of Deir Bahari,3
169,325,Madinet Habu,3
169,326,Tombs of The Nobles,3
169,327,Colossi Of Memnon,3
169,328,Rammeseum,2
169,329,Luxor Museum,3
169,330,Deir El- Madina,3
169,336,Hot Air Balloon ,2
169,351,Gerda's Garden,3
170,321,Temple Of Karnak,2
170,322,Valley of The Kings,2
170,323,Luxor Temple,2
170,324,Temple of Deir Bahari,2
170,325,Madinet Habu,2
170,326,Tombs of The Nobles,1
170,327,Colossi Of Memnon,2
170,328,Rammeseum,2
170,329,Luxor Museum,2
170,330,Deir El- Madina,2
170,336,Hot Air Balloon ,1
170,352, Africa Restaurant,4
171,321,Temple Of Karnak,1
171,322,Valley of The Kings,1
171,323,Luxor Temple,1
171,324,Temple of Deir Bahari,1
171,325,Madinet Habu,1
171,326,Tombs of The Nobles,2
171,327,Colossi Of Memnon,1
171,328,Rammeseum,1
171,329,Luxor Museum,1
171,330,Deir El- Madina,1
171,336,Hot Air Balloon ,2
171,353,The Kings Head Pub,4
172,331,Mortuary Temple Seti,5
172,332,Tomb of TutAnkhAmon,5
172,333,Mummification Museum,5
172,334,Komombo Temple,5
172,335,Temple of Edfu,4
172,331,Mortuary Temple Seti,5
172,332,Tomb of TutAnkhAmon,5
172,333,Mummification Museum,5
172,334,Komombo Temple,5
172,335,Temple of Edfu,4
172,354, Elwaha Restaurant,4
173,331,Mortuary Temple Seti,4
173,332,Tomb of TutAnkhAmon,4
173,333,Mummification Museum,4
173,334,Komombo Temple,5
173,335,Temple of Edfu,4
173,331,Mortuary Temple Seti,4
173,332,Tomb of TutAnkhAmon,5
173,333,Mummification Museum,4
173,334,Komombo Temple,4
173,335,Temple of Edfu,4
173,355,Aboudi Break,3
174,331,Mortuary Temple Seti,3
174,332,Tomb of TutAnkhAmon,3
174,333,Mummification Museum,3
174,334,Komombo Temple,4
174,335,Temple of Edfu,3
174,331,Mortuary Temple Seti,3
174,332,Tomb of TutAnkhAmon,3
174,333,Mummification Museum,3
174,334,Komombo Temple,4
174,335,Temple of Edfu,3
174,356, Nubian House ,4
175,331,Mortuary Temple Seti,2
175,332,Tomb of TutAnkhAmon,2
175,333,Mummification Museum,2
175,334,Komombo Temple,2
175,335,Temple of Edfu,3
175,331,Mortuary Temple Seti,3
175,332,Tomb of TutAnkhAmon,2
175,333,Mummification Museum,2
175,334,Komombo Temple,2
175,335,Temple of Edfu,3
175,357, Tutti Frutti ,4
176,331,Mortuary Temple Seti,2
176,332,Tomb of TutAnkhAmon,2
176,333,Mummification Museum,2
176,334,Komombo Temple,1
176,335,Temple of Edfu,1
176,331,Mortuary Temple Seti,2
176,332,Tomb of TutAnkhAmon,2
176,333,Mummification Museum,2
176,334,Komombo Temple,2
176,335,Temple of Edfu,1
176,358, Wolf Restaurant,2
177,331,Mortuary Temple Seti,1
177,332,Tomb of TutAnkhAmon,1
177,333,Mummification Museum,1
177,334,Komombo Temple,1
177,335,Temple of Edfu,2
177,331,Mortuary Temple Seti,1
177,332,Tomb of TutAnkhAmon,1
177,333,Mummification Museum,1
177,334,Komombo Temple,2
177,335,Temple of Edfu,1
177,359,Esquire Restaurant,4
178,361,Marsam,5
179,362,1886 Restaurant,3
180,321,Temple Of Karnak,5
180,322,Valley of The Kings,5
180,323,Luxor Temple,4
180,324,Temple of Deir Bahari,5
180,325,Madinet Habu,4
180,362,Maratonga,4
182,363, Nile View ,5
183,321,Temple Of Karnak,4
183,322,Valley of The Kings,4
183,323,Luxor Temple,4
183,324,Temple of Deir Bahari,5
183,325,Madinet Habu,5
183,364,Secret Garden,3
184,365, Kam Thai,4
185,321,Temple Of Karnak,4
185,322,Valley of The Kings,4
185,323,Luxor Temple,4
185,324,Temple of Deir Bahari,3
185,325,Madinet Habu,4
185,366,Sonesta St. George,3
186,321,Temple Of Karnak,3
186,322,Valley of The Kings,3
186,323,Luxor Temple,3
186,324,Temple of Deir Bahari,2
186,325,Madinet Habu,3
186,367,Oasis Caf,2
187,321,Temple Of Karnak,2
187,322,Valley of The Kings,2
187,323,Luxor Temple,1
187,324,Temple of Deir Bahari,2
187,325,Madinet Habu,1
187,368,Quick Pizza ,4
188,369, Rosetta,3
189,326,Tombs of The Nobles,5
189,327,Colossi Of Memnon,5
189,328,Rammeseum,5
189,329,Luxor Museum,4
189,330,Deir El- Madina,4
189,370, Maxime,3
190,326,Tombs of The Nobles,4
190,327,Colossi Of Memnon,4
190,328,Rammeseum,5
190,329,Luxor Museum,4
190,330,Deir El- Madina,4
190,371, Jamboree ,3
191,372, La Fleur,4
192,326,Tombs of The Nobles,3
192,327,Colossi Of Memnon,3
192,328,Rammeseum,3
192,329,Luxor Museum,3
192,330,Deir El- Madina,2
192,373,Wannas Art,1
193,326,Tombs of The Nobles,2
193,327,Colossi Of Memnon,2
193,328,Rammeseum,1
193,329,Luxor Museum,2
193,330,Deir El- Madina,2
193,374, Snack Time,5
194,375, Silk Road ,5
195,326,Tombs of The Nobles,1
195,327,Colossi Of Memnon,1
195,328,Rammeseum,1
195,329,Luxor Museum,2
195,330,Deir El- Madina,1
196,326,Tombs of The Nobles,2
196,327,Colossi Of Memnon,1
196,328,Rammeseum,1
196,329,Luxor Museum,2
196,330,Deir El- Madina,1
196,376, El Fayrouz,3
196,377, JJ's Bar,4
197,324,Temple of Deir Bahari,5
197,325,Madinet Habu,5
197,326,Tombs of The Nobles,4
197,327,Colossi Of Memnon,5
197,328,Rammeseum,5
197,378, Zigolini,4
198,324,Temple of Deir Bahari,5
198,325,Madinet Habu,4
198,326,Tombs of The Nobles,4
198,327,Colossi Of Memnon,5
198,328,Rammeseum,4
198,379, McDonald's,4
199,380, African garden,4
200,324,Temple of Deir Bahari,3
200,325,Madinet Habu,3
200,326,Tombs of The Nobles,1
200,327,Colossi Of Memnon,3
200,328,Rammeseum,3
200,381, Malkata House,4
201,324,Temple of Deir Bahari,2
201,325,Madinet Habu,2
201,326,Tombs of The Nobles,1
201,327,Colossi Of Memnon,2
201,328,Rammeseum,1
201,382, Blue Sky,4
202,383, 88 Restaurant,4
203,324,Temple of Deir Bahari,1
203,325,Madinet Habu,1
203,326,Tombs of The Nobles,1
203,327,Colossi Of Memnon,2
203,328,Rammeseum,1
203,384,Bon Appetit,3
204,385,"Victoria Room,Winter",4
205,336,Hot Air Balloon ,5
205,337,Felucca to Banana Island,5
205,386, Jana,4
206,336,Hot Air Balloon ,4
206,337,Felucca to Banana Island,4
206,387,Oum Hashim,3
207,336,Hot Air Balloon ,3
207,337,Felucca to Banana Island,3
207,388, Memnon Guesthouse,3
208,336,Hot Air Balloon ,2
208,337,Felucca to Banana Island,1
208,389,Cup Coffee Sunrise,4
209,336,Hot Air Balloon ,1
209,337,Felucca to Banana Island,1
209,390, L'Oasis,3
210,391, Restaurant Mohammed,4
211,514,Jeziret Aswan,5
211,515,Abu Simbel Temple,5
211,516,Philea Temple,5
211,517,The Unfinished Obelisk,4
211,518,Monastery of St. Simeon,5
211,519,Nubian Museum,4
211,520,High Dam,4
211,521,Lake Nasser,5
211,522,Aga Khan Mausoleum,5
211,523,Wadi El-sabeu,5
211,524,Tombs of The Nobles,4
211,525,Aswan Souq,5
211,526,Mezze Restaurant,4
212,514,Jeziret Aswan,4
212,515,Abu Simbel Temple,4
212,516,Philea Temple,4
212,517,The Unfinished Obelisk,4
212,518,Monastery of St. Simeon,5
212,519,Nubian Museum,5
212,520,High Dam,4
212,521,Lake Nasser,4
212,522,Aga Khan Mausoleum,4
212,523,Wadi El-sabeu,5
212,524,Tombs of The Nobles,4
212,525,Aswan Souq,4
212,527,Panorama Restaurant,3
213,514,Jeziret Aswan,3
213,515,Abu Simbel Temple,3
213,516,Philea Temple,3
213,517,The Unfinished Obelisk,4
213,518,Monastery of St. Simeon,3
213,519,Nubian Museum,3
213,520,High Dam,3
213,521,Lake Nasser,4
213,522,Aga Khan Mausoleum,3
213,523,Wadi El-sabeu,3
213,524,Tombs of The Nobles,3
213,525,Aswan Souq,3
213,528,Al Qahwa Caf,2
214,514,Jeziret Aswan,3
214,515,Abu Simbel Temple,3
214,516,Philea Temple,2
214,517,The Unfinished Obelisk,2
214,518,Monastery of St. Simeon,3
214,519,Nubian Museum,3
214,520,High Dam,3
214,521,Lake Nasser,3
214,522,Aga Khan Mausoleum,3
214,523,Wadi El-sabeu,3
214,524,Tombs of The Nobles,2
214,525,Aswan Souq,2
214,529,Bob Marley Guest House ,3
215,514,Jeziret Aswan,2
215,515,Abu Simbel Temple,2
215,516,Philea Temple,2
215,517,The Unfinished Obelisk,2
215,518,Monastery of St. Simeon,1
215,519,Nubian Museum,2
215,520,High Dam,2
215,521,Lake Nasser,2
215,522,Aga Khan Mausoleum,2
215,523,Wadi El-sabeu,1
215,524,Tombs of The Nobles,2
215,525,Aswan Souq,2
215,530,The Terrace,4
216,514,Jeziret Aswan,1
216,515,Abu Simbel Temple,1
216,516,Philea Temple,1
216,517,The Unfinished Obelisk,2
216,518,Monastery of St. Simeon,1
216,519,Nubian Museum,1
216,520,High Dam,1
216,521,Lake Nasser,2
216,522,Aga Khan Mausoleum,1
216,523,Wadi El-sabeu,1
216,524,Tombs of The Nobles,1
216,525,Aswan Souq,1
216,531,Nubian dreams ,4
217,532,1902 Restaurant,4
218,533,El Masry,2
219,514,Jeziret Aswan,5
219,515,Abu Simbel Temple,5
219,516,Philea Temple,5
219,517,The Unfinished Obelisk,4
219,518,Monastery of St. Simeon,5
219,519,Nubian Museum,5
219,525,Aswan Souq,4
220,514,Jeziret Aswan,4
220,515,Abu Simbel Temple,4
220,516,Philea Temple,4
220,517,The Unfinished Obelisk,3
220,518,Monastery of St. Simeon,4
220,519,Nubian Museum,4
220,534,Makani restaurant,3
221,514,Jeziret Aswan,3
221,515,Abu Simbel Temple,3
221,516,Philea Temple,2
221,517,The Unfinished Obelisk,3
221,518,Monastery of St. Simeon,3
221,519,Nubian Museum,3
221,535,El Dokka,4
222,514,Jeziret Aswan,2
222,515,Abu Simbel Temple,2
222,516,Philea Temple,2
222,517,The Unfinished Obelisk,1
222,518,Monastery of St. Simeon,1
222,519,Nubian Museum,2
222,536,Makka Restaurant,4
223,514,Jeziret Aswan,1
223,515,Abu Simbel Temple,1
223,516,Philea Temple,1
223,517,The Unfinished Obelisk,2
223,518,Monastery of St. Simeon,1
223,519,Nubian Museum,1
223,537,King Jamaica,2
224,520,High Dam,5
224,521,Lake Nasser,5
224,522,Aga Khan Mausoleum,5
224,523,Wadi El-sabeu,4
224,524,Tombs of The Nobles,4
224,525,Aswan Souq,5
224,538,Old Nubian Guest,3
225,520,High Dam,4
225,521,Lake Nasser,4
225,522,Aga Khan Mausoleum,4
225,523,Wadi El-sabeu,3
225,524,Tombs of The Nobles,4
225,525,Aswan Souq,4
225,539,Abeer restoran,4
226,520,High Dam,3
226,521,Lake Nasser,3
226,522,Aga Khan Mausoleum,3
226,523,Wadi El-sabeu,2
226,524,Tombs of The Nobles,2
226,525,Aswan Souq,3
226,540,Solaih Nubian ,4
227,520,High Dam,2
227,521,Lake Nasser,2
227,522,Aga Khan Mausoleum,2
227,523,Wadi El-sabeu,1
227,524,Tombs of The Nobles,2
227,525,Aswan Souq,2
227,541,Oriental Kebabgy,3
228,520,High Dam,1
228,521,Lake Nasser,1
228,522,Aga Khan Mausoleum,1
228,523,Wadi El-sabeu,1
228,524,Tombs of The Nobles,2
228,525,Aswan Souq,1
228,542,Sun Deck ,4
229,517,The Unfinished Obelisk,5
229,518,Monastery of St. Simeon,5
229,519,Nubian Museum,5
229,520,High Dam,4
229,521,Lake Nasser,5
229,522,Aga Khan Mausoleum,5
229,523,Wadi El-sabeu,5
229,543,Porto Sono,4
230,517,The Unfinished Obelisk,4
230,518,Monastery of St. Simeon,4
230,519,Nubian Museum,4
230,520,High Dam,3
230,521,Lake Nasser,4
230,522,Aga Khan Mausoleum,4
230,523,Wadi El-sabeu,4
230,544,Kato Dool,3
231,517,The Unfinished Obelisk,3
231,518,Monastery of St. Simeon,3
231,519,Nubian Museum,2
231,520,High Dam,3
231,521,Lake Nasser,3
231,522,Aga Khan Mausoleum,3
231,523,Wadi El-sabeu,3
231,545,Nubian Restaurant,3
232,517,The Unfinished Obelisk,2
232,518,Monastery of St. Simeon,2
232,519,Nubian Museum,2
232,520,High Dam,2
232,521,Lake Nasser,1
232,522,Aga Khan Mausoleum,2
232,523,Wadi El-sabeu,2
232,546,Chef Khalil,4
233,517,The Unfinished Obelisk,1
233,518,Monastery of St. Simeon,1
233,519,Nubian Museum,1
233,520,High Dam,1
233,521,Lake Nasser,2
233,522,Aga Khan Mausoleum,1
233,523,Wadi El-sabeu,1
233,547,Aswan Moon,3
234,548,Ibiza Nubian House,4
235,549, Cilantro,3
236,550,Biti Pizza,4
237,551,Al Dokka,4
238,607,Fatnas Island,5
238,608,Cleopatra Lake,3
238,609,Sunset at Grand Sand Sea,5
238,610,Siwa Lake,5
238,611,Gebel Al- Mawta,4
238,612,Shali Fortress,4
238,613,Dakrur Mountain,3
238,614,Temple of Amun,3
238,615,Temple of Umm Ubayd,5
238,616,The traditional Siwa House,5
238,592,Ola restaurant,3
239,607,Fatnas Island,5
239,608,Cleopatra Lake,5
239,609,Sunset at Grand Sand Sea,5
239,610,Siwa Lake,4
239,611,Gebel Al- Mawta,5
239,612,Shali Fortress,3
239,613,Dakrur Mountain,3
239,614,Temple of Amun,2
239,615,Temple of Umm Ubayd,3
239,616,The traditional Siwa House,4
239,593,Abdu Restaurant,3
240,607,Fatnas Island,2
240,608,Cleopatra Lake,2
240,609,Sunset at Grand Sand Sea,1
240,610,Siwa Lake,2
240,611,Gebel Al- Mawta,5
240,612,Shali Fortress,5
240,613,Dakrur Mountain,5
240,614,Temple of Amun,4
240,615,Temple of Umm Ubayd,5
240,616,The traditional Siwa House,5
240,594,Tanta Waa Juice Bar,3
241,607,Fatnas Island,5
241,608,Cleopatra Lake,5
241,609,Sunset at Grand Sand Sea,5
241,610,Siwa Lake,4
241,611,Gebel Al- Mawta,4
241,612,Shali Fortress,4
241,613,Dakrur Mountain,3
241,614,Temple of Amun,3
241,615,Temple of Umm Ubayd,4
241,616,The traditional Siwa House,4
242,607,Fatnas Island,4
242,608,Cleopatra Lake,4
242,609,Sunset at Grand Sand Sea,4
242,610,Siwa Lake,5
242,611,Gebel Al- Mawta,3
242,612,Shali Fortress,3
242,613,Dakrur Mountain,3
242,614,Temple of Amun,2
242,615,Temple of Umm Ubayd,2
242,616,The traditional Siwa House,2
242,595,Shahrazad,4
243,607,Fatnas Island,4
243,608,Cleopatra Lake,4
243,609,Sunset at Grand Sand Sea,4
243,610,Siwa Lake,3
243,611,Gebel Al- Mawta,4
243,612,Shali Fortress,3
243,613,Dakrur Mountain,3
243,614,Temple of Amun,3
243,615,Temple of Umm Ubayd,4
243,616,The traditional Siwa House,3
243,596,Nour El Waha Garden,3
244,607,Fatnas Island,5
244,608,Cleopatra Lake,5
244,609,Sunset at Grand Sand Sea,4
244,610,Siwa Lake,5
244,611,Gebel Al- Mawta,5
244,612,Shali Fortress,5
244,613,Dakrur Mountain,5
244,614,Temple of Amun,4
244,615,Temple of Umm Ubayd,4
244,616,The traditional Siwa House,5
244,597,Hayat ?afe,2
245,607,Fatnas Island,4
245,608,Cleopatra Lake,4
245,609,Sunset at Grand Sand Sea,4
245,610,Siwa Lake,3
245,611,Gebel Al- Mawta,4
245,612,Shali Fortress,4
245,613,Dakrur Mountain,3
245,614,Temple of Amun,3
245,615,Temple of Umm Ubayd,4
245,616,The traditional Siwa House,4
245,598,Fahmi's Garden,4
246,607,Fatnas Island,5
246,608,Cleopatra Lake,4
246,609,Sunset at Grand Sand Sea,5
246,610,Siwa Lake,5
246,599,Joba Lounge,3
247,607,Fatnas Island,4
247,608,Cleopatra Lake,3
247,609,Sunset at Grand Sand Sea,4
247,610,Siwa Lake,4
247,607,Fatnas Island,3
247,608,Cleopatra Lake,3
247,609,Sunset at Grand Sand Sea,2
247,610,Siwa Lake,3
248,600,Anaro Restaurant ,3
248,611,Gebel Al- Mawta,5
248,612,Shali Fortress,5
248,613,Dakrur Mountain,5
248,614,Temple of Amun,4
248,615,Temple of Umm Ubayd,5
248,616,The traditional Siwa House,5
248,601,Alahrar Restaurant,4
249,611,Gebel Al- Mawta,4
249,612,Shali Fortress,4
249,613,Dakrur Mountain,3
249,614,Temple of Amun,4
249,615,Temple of Umm Ubayd,4
249,616,The traditional Siwa House,4
249,602,Campione Caf?,3
250,611,Gebel Al- Mawta,4
250,612,Shali Fortress,3
250,613,Dakrur Mountain,3
250,614,Temple of Amun,3
250,615,Temple of Umm Ubayd,4
250,616,The traditional Siwa House,3
250,603,Ana maria caf?,2
251,615,Temple of Umm Ubayd,4
251,616,The traditional Siwa House,4
251,602,Campione Caf?,3
251,611,Gebel Al- Mawta,4
251,612,Shali Fortress,4
251,604,Tekeyet El Amir,2
252,615,Temple of Umm Ubayd,2
252,616,The traditional Siwa House,2
252,602,Campione Caf?,2
252,611,Gebel Al- Mawta,1
252,612,Shali Fortress,2
252,605,Cleopatra Main restaurant,1
253,606,Grand Sand Sea,5
253,607,Fatnas Island,5
253,608,Cleopatra Lake,5
253,609,Sunset at Grand Sand Sea,4
253,610,Siwa Lake,5
254,606,Grand Sand Sea,5
254,607,Fatnas Island,4
254,608,Cleopatra Lake,4
254,609,Sunset at Grand Sand Sea,5
254,610,Siwa Lake,4
255,611,Gebel Al- Mawta,5
255,612,Shali Fortress,5
255,613,Dakrur Mountain,4
255,614,Temple of Amun,5
255,615,Temple of Umm Ubayd,5
255,616,The traditional Siwa House,4
255,617,The Salt lake,5
255,618,Almaza Hot Spring,5
255,619,Hayaat Siwa Hot Spring,5
255,620,Bir Wahed,5
256,611,Gebel Al- Mawta,4
256,612,Shali Fortress,4
256,613,Dakrur Mountain,4
256,614,Temple of Amun,2
256,615,Temple of Umm Ubayd,3
256,616,The traditional Siwa House,4
256,617,The Salt lake,4
256,618,Almaza Hot Spring,4
256,619,Hayaat Siwa Hot Spring,3
256,620,Bir Wahed,4
257,611,Gebel Al- Mawta,3
257,612,Shali Fortress,3
257,613,Dakrur Mountain,3
257,614,Temple of Amun,4
257,615,Temple of Umm Ubayd,3
257,616,The traditional Siwa House,3
257,617,The Salt lake,3
257,618,Almaza Hot Spring,4
257,619,Hayaat Siwa Hot Spring,3
257,620,Bir Wahed,3
258,611,Gebel Al- Mawta,4
258,612,Shali Fortress,3
258,613,Dakrur Mountain,3
258,614,Temple of Amun,2
258,615,Temple of Umm Ubayd,2
258,616,The traditional Siwa House,2
258,617,The Salt lake,2
258,618,Almaza Hot Spring,3
258,619,Hayaat Siwa Hot Spring,3
258,620,Bir Wahed,3
259,621,Siwa Astro Camp- Siwawi,4
260,622,Siwa House,5
260,623,Siwa Camp Osman oasis,5
260,624,Mountain Camp Ali Khaled,5
260,625,Al Mahdy Resort,5
260,626,Ghaba Camp,5
260,627,Ayur Resort,4
260,628,Santa Raya Camp,4
260,629,Hidigda Camp,5
260,630,Siwa Taranoz,5
260,631,Taghaghien Island,5
260,632,Al Nyhaya,4
260,633,Ahmed Safari Camp,5
261,622,Siwa House,5
261,623,Siwa Camp Osman oasis,5
261,624,Mountain Camp Ali Khaled,4
261,625,Al Mahdy Resort,4
261,626,Ghaba Camp,4
261,627,Ayur Resort,4
261,628,Santa Raya Camp,5
261,629,Hidigda Camp,5
261,630,Siwa Taranoz,4
261,631,Taghaghien Island,4
261,632,Al Nyhaya,4
261,633,Ahmed Safari Camp,4
262,622,Siwa House,4
262,623,Siwa Camp Osman oasis,4
262,624,Mountain Camp Ali Khaled,4
262,625,Al Mahdy Resort,4
262,626,Ghaba Camp,3
262,627,Ayur Resort,3
262,628,Santa Raya Camp,3
262,629,Hidigda Camp,3
262,630,Siwa Taranoz,3
262,631,Taghaghien Island,3
262,632,Al Nyhaya,4
262,633,Ahmed Safari Camp,4
263,622,Siwa House,3
263,623,Siwa Camp Osman oasis,3
263,624,Mountain Camp Ali Khaled,3
263,625,Al Mahdy Resort,3
263,626,Ghaba Camp,3
263,627,Ayur Resort,2
263,628,Santa Raya Camp,2
263,629,Hidigda Camp,3
263,630,Siwa Taranoz,3
263,631,Taghaghien Island,3
263,632,Al Nyhaya,3
263,633,Ahmed Safari Camp,2
264,622,Siwa House,2
264,623,Siwa Camp Osman oasis,2
264,624,Mountain Camp Ali Khaled,2
264,625,Al Mahdy Resort,2
264,626,Ghaba Camp,2
264,627,Ayur Resort,1
264,628,Santa Raya Camp,1
264,629,Hidigda Camp,2
264,630,Siwa Taranoz,2
264,631,Taghaghien Island,2
264,632,Al Nyhaya,2
264,633,Ahmed Safari Camp,2
265,639,Mosque of Muhammed Ali,5
265,640,Cairo Citadel,5
265,641,Mosque and Madrasa of Sultan Hassan,5
265,642,Mosque of Ibn Tulun,4
265,643,Gayer-Anderson Museum,5
265,644,Ben Ezra Synagogue,5
265,645,Bab Zuweila,4
265,646,Qalawun Complex,4
265,647,Fort of Babylon,5
265,648,Bab al- Futuh,5
265,649,Mosque of Sultan Al- Ashraf Barsbay,4
265,726,Arkadia Mall ,5
266,727,The First Mall ,5
266,728,Khan El Khalili Center ,5
266,729,Ramsees Mall ,4
266,730,Cairo Festival ,4
266,731,Talaat Harb Mall ,4
266,732,City Centre Maadi ,4
266,733,Uptown Plaza ,4
266,734,Maadi Grand Mall ,5
266,746,Nisantasi ,4
267,727,The First Mall ,4
267,728,Khan El Khalili Center ,4
267,729,Ramsees Mall ,4
267,730,Cairo Festival ,3
267,731,Talaat Harb Mall ,4
267,747,Charlie's Restaurant,5
268,727,The First Mall ,4
268,728,Khan El Khalili Center ,4
268,729,Ramsees Mall ,3
268,730,Cairo Festival ,3
268,731,Talaat Harb Mall ,4
268,748,Indira Indian Restaurant ,3
269,639,Mosque of Muhammed Ali,4
269,640,Cairo Citadel,4
269,641,Mosque and Madrasa of Sultan Hassan,4
269,642,Mosque of Ibn Tulun,4
269,643,Gayer-Anderson Museum,3
269,644,Ben Ezra Synagogue,3
269,645,Bab Zuweila,3
269,646,Qalawun Complex,3
269,647,Fort of Babylon,3
269,648,Bab al- Futuh,4
270,639,Mosque of Muhammed Ali,5
271,640,Cairo Citadel,4
271,641,Mosque and Madrasa of Sultan Hassan,4
271,642,Mosque of Ibn Tulun,4
271,643,Gayer-Anderson Museum,2
271,644,Ben Ezra Synagogue,2
271,645,Bab Zuweila,2
271,646,Qalawun Complex,2
271,647,Fort of Babylon,2
271,648,Bab al- Futuh,1
272,740,Mirage Outlet Mall ,5
272,741,Gardenia Mall ,5
272,742,3 Skies Plaza ,5
272,743,Florida Mall ,5
272,744,Boulevard Mall ,4
272,745,Makka Center ,4
272,740,Mirage Outlet Mall ,4
272,741,Gardenia Mall ,4
272,742,3 Skies Plaza ,4
272,743,Florida Mall ,4
272,744,Boulevard Mall ,5
272,745,Makka Center ,5
273,745,Makka Center ,4
273,740,Mirage Outlet Mall ,3
273,741,Gardenia Mall ,3
273,742,3 Skies Plaza ,3
273,743,Florida Mall ,3
273,744,Boulevard Mall ,3
273,745,Makka Center ,2
274,709,Al Azhar Park ,5
274,710,Cairo Tower ,5
274,711,Tahrir Square ,5
274,712,Khan El Khalili,5
274,713,Cairo International Stadium,4
274,714,Trapped Egypt,4
274,715,Sherlocked Egypt,5
274,716,Placebo,5
274,717,IBC-International Bowling Center,5
274,718,Escape Games,4
274,719,Adrenalin Paintball,5
275,720,The Horror House,4
275,721,Immersive VR,4
275,722,Nile River ,4
275,723,MindMaze Egypt,4
275,724,VOX Cinema Cairo,3
275,725,Breakout ,4
276,664,Mohamed Mahmoud Khalil Museum ,5
276,665,Abdeen Palace Museum,5
276,666,National Military Museum Egypt,4
276,667,Egyptian Geology Museum,4
276,668,Museum of Modern Egyptian Art ,5
276,669,Islamic Ceramic Museum ,5
277,670,Royal Chariots Museum,5
277,671,Egyptian Textiles Museum ,5
277,672,Egyptian Agricultural Museum,5
277,673,Mahmoud Mukhtar Museum ,5
277,674,National Police Museum ,5
277,675,Al-Gawhara Palace,4
277,676,Nations House Museum,4
277,677,Manasterly Palace,5
277,678,Geographical Association of Egypt,5
277,679,Qasr el Eini Museum,4
277,680,Mostafa Kamel Museum ,4
277,681,The Palace of Arts,4
277,682,Foustat Traditional Crafts Center,4
277,683,Capital Art Gallery ,4
277,684,Pyramids of Giza,5
278,676,Nations House Museum,4
278,677,Manasterly Palace,4
278,678,Geographical Association of Egypt,4
278,679,Qasr el Eini Museum,4
278,680,Mostafa Kamel Museum ,3
278,681,The Palace of Arts,3
278,682,Foustat Traditional Crafts Center,4
278,683,Capital Art Gallery ,4
278,684,Pyramids of Giza,4
279,676,Nations House Museum,4
279,677,Manasterly Palace,4
279,678,Geographical Association of Egypt,4
279,679,Qasr el Eini Museum,3
279,680,Mostafa Kamel Museum ,3
279,681,The Palace of Arts,3
279,682,Foustat Traditional Crafts Center,3
279,683,Capital Art Gallery ,2
279,684,Pyramids of Giza,4
